개설강좌,,,,,,,,,,,,,,,,,,
,,,,,,,,,,,,,,,,,,
NO,개설전공,개설과정,과목번호,분반,교과목명,담당교수,이수구분,과목구분,과목세부구분,강의실습구분,과목개설주기,학점,이론시수,실습시수,코드쉐어여부,영어강의여부,요일/교시/강의실,비고
1,대학원,전체,CR501,01,한국어 Ⅰ,장근영,공통필수,일반과목,교과,이론,매년,0.0,3.0,0.0,N,Y,"화18:00-19:30(E7 - L21), 목18:00-19:30(E7 - L21)",한국어/영어강의(English and Korean as mediums of instruction)
2,대학원,전체,CR502,01,한국어 Ⅱ,정효정,공통필수,일반과목,교과,이론,매년,0.0,3.0,0.0,N,Y,"화18:00-19:30(E7 - L22), 목18:00-19:30(E7 - L22)",한국어/영어강의(English and Korean as mediums of instruction)
3,대학원,전체,CR526,01,생물물리학 ,"유우경, 정한빈",공통선택,일반과목,교과,이론,매년,3.0,3.0,0.0,N,Y,월16:00-19:00(E4 - 113),
4,대학원,전체,CR531c,01,생물학자를 위한 과학 커뮤니케이션,"곽준명, 이정아",공통선택,코어과목,교과,이론,매년,3.0,3.0,0.0,N,Y,금14:00-17:00(E4 - 113),
5,대학원,전체,CR536,01,구조생물학,"이영삼, 정한빈, 김진해, 이창훈, 유우경",공통선택,일반과목,교과,이론및실습,매년,4.0,2.0,4.0,N,Y,"월13:00-16:00(E4 - 227), 수13:00-16:00(E4 - 227)",
6,화학물리학과,전체,EM625c,01,고급 양자역학 I,권상일,전공,코어과목,교과,이론,매년,3.0,3.0,0.0,N,Y,"월09:00-10:30(E2 - 324), 수09:00-10:30(E2 - 324)",
7,화학물리학과,전체,EM652c,01,고급유기화학 I,이성기,전공,코어과목,교과,이론,매년,3.0,3.0,0.0,N,Y,"화15:00-16:30(E2 - 624), 목15:00-16:30(E2 - 624)",
8,화학물리학과,전체,EM658,01,생유기화학,홍선기,전공,일반과목,교과,이론,매년,3.0,3.0,0.0,N,Y,"수15:00-16:30(E2 - 525), 금15:00-16:30(E2 - 525)",
9,화학물리학과,전체,EM665,01,고급 물리화학Ⅱ,김종구,전공,일반과목,교과,이론,격년,3.0,3.0,0.0,N,Y,월13:00-16:00(E2 - 524),
10,화학물리학과,전체,EM684,01,의약화학 및 의약품 합성,서상원,전공,일반과목,교과,이론,격년,3.0,3.0,0.0,N,Y,화09:30-12:30(E2 - 624),
11,화학물리학과,전체,EM685,01,유무기분광분석,문혜원,전공,일반과목,교과,이론,매년,3.0,3.0,0.0,N,Y,월13:00-16:00(E2 - 424),
12,화학물리학과,전체,EM694,01,유기물질 및 소자특성,이성원,전공,일반과목,교과,이론,격년,3.0,3.0,0.0,N,Y,"화10:30-12:00(E2 - 524), 목10:30-12:00(E2 - 524)",
13,화학물리학과,전체,EM717,01,표면 및 박막과학,이신범,전공,일반과목,교과,이론,격년,3.0,3.0,0.0,N,Y,수15:00-18:00(E2 - 524),
14,화학물리학과,전체,EM720c,01,고급 고체물리학 II,서정필,전공,코어과목,교과,이론,매년,3.0,3.0,0.0,N,Y,"월10:30-12:00(E2 - 115), 화10:30-12:00(E2 - 115)",
15,화학물리학과,전체,EM730,01,스핀트로닉스,유천열,전공,일반과목,교과,이론,격년,3.0,3.0,0.0,N,Y,"화09:00-10:30(E2 - 525), 목09:00-10:30(E2 - 525)",
16,화학물리학과,전체,EM741,01,상전이와 임계현상,김아람,전공,일반과목,교과,이론,격년,3.0,3.0,0.0,N,Y,금13:00-16:00(E2 - 324),
17,화학물리학과,전체,EM761,01,초분자화학 ,박진희,전공,일반과목,교과,이론,격년,3.0,3.0,0.0,N,Y,화13:00-16:00(E2 - 524),
18,화학물리학과,석사,EM900,01,Thesis(M.S.),강준구,전공,일반과목,연구(Thesis),이론및실습,매년,0.0,0.0,0.0,N,Y,,
19,화학물리학과,석사,EM900,02,Thesis(M.S.),권상일,전공,일반과목,연구(Thesis),이론및실습,매년,0.0,0.0,0.0,N,Y,,
20,화학물리학과,석사,EM900,03,Thesis(M.S.),김성균,전공,일반과목,연구(Thesis),이론및실습,매년,0.0,0.0,0.0,N,Y,,
21,화학물리학과,석사,EM900,04,Thesis(M.S.),김소연,전공,일반과목,연구(Thesis),이론및실습,매년,0.0,0.0,0.0,N,Y,,
22,화학물리학과,석사,EM900,05,Thesis(M.S.),김아람,전공,일반과목,연구(Thesis),이론및실습,매년,0.0,0.0,0.0,N,Y,,
23,화학물리학과,석사,EM900,06,Thesis(M.S.),김영욱,전공,일반과목,연구(Thesis),이론및실습,매년,0.0,0.0,0.0,N,Y,,
24,화학물리학과,석사,EM900,07,Thesis(M.S.),김종구,전공,일반과목,연구(Thesis),이론및실습,매년,0.0,0.0,0.0,N,Y,,
25,화학물리학과,석사,EM900,08,Thesis(M.S.),남은주,전공,일반과목,연구(Thesis),이론및실습,매년,0.0,0.0,0.0,N,Y,,
26,화학물리학과,석사,EM900,09,Thesis(M.S.),문혜원,전공,일반과목,연구(Thesis),이론및실습,매년,0.0,0.0,0.0,N,Y,,
27,화학물리학과,석사,EM900,10,Thesis(M.S.),박기성,전공,일반과목,연구(Thesis),이론및실습,매년,0.0,0.0,0.0,N,Y,,
28,화학물리학과,석사,EM900,11,Thesis(M.S.),박진희,전공,일반과목,연구(Thesis),이론및실습,매년,0.0,0.0,0.0,N,Y,,
29,화학물리학과,석사,EM900,12,Thesis(M.S.),서상원,전공,일반과목,연구(Thesis),이론및실습,매년,0.0,0.0,0.0,N,Y,,
30,화학물리학과,석사,EM900,13,Thesis(M.S.),서정필,전공,일반과목,연구(Thesis),이론및실습,매년,0.0,0.0,0.0,N,Y,,
31,화학물리학과,석사,EM900,14,Thesis(M.S.),성주영,전공,일반과목,연구(Thesis),이론및실습,매년,0.0,0.0,0.0,N,Y,,
32,화학물리학과,석사,EM900,15,Thesis(M.S.),유천열,전공,일반과목,연구(Thesis),이론및실습,매년,0.0,0.0,0.0,N,Y,,
33,화학물리학과,석사,EM900,16,Thesis(M.S.),이성기,전공,일반과목,연구(Thesis),이론및실습,매년,0.0,0.0,0.0,N,Y,,
34,화학물리학과,석사,EM900,17,Thesis(M.S.),이성원,전공,일반과목,연구(Thesis),이론및실습,매년,0.0,0.0,0.0,N,Y,,
35,화학물리학과,석사,EM900,18,Thesis(M.S.),이신범,전공,일반과목,연구(Thesis),이론및실습,매년,0.0,0.0,0.0,N,Y,,
36,화학물리학과,석사,EM900,19,Thesis(M.S.),이재동,전공,일반과목,연구(Thesis),이론및실습,매년,0.0,0.0,0.0,N,Y,,
37,화학물리학과,석사,EM900,20,Thesis(M.S.),정낙천,전공,일반과목,연구(Thesis),이론및실습,매년,0.0,0.0,0.0,N,Y,,
38,화학물리학과,석사,EM900,21,Thesis(M.S.),정병혁,전공,일반과목,연구(Thesis),이론및실습,매년,0.0,0.0,0.0,N,Y,,
39,화학물리학과,석사,EM900,22,Thesis(M.S.),조용준,전공,일반과목,연구(Thesis),이론및실습,매년,0.0,0.0,0.0,N,Y,,
40,화학물리학과,석사,EM900,23,Thesis(M.S.),조창희,전공,일반과목,연구(Thesis),이론및실습,매년,0.0,0.0,0.0,N,Y,,
41,화학물리학과,석사,EM900,24,Thesis(M.S.),허승정,전공,일반과목,연구(Thesis),이론및실습,매년,0.0,0.0,0.0,N,Y,,
42,화학물리학과,석사,EM900,25,Thesis(M.S.),홍선기,전공,일반과목,연구(Thesis),이론및실습,매년,0.0,0.0,0.0,N,Y,,
43,화학물리학과,석사,EM900,26,Thesis(M.S.),홍정일,전공,일반과목,연구(Thesis),이론및실습,매년,0.0,0.0,0.0,N,Y,,
44,화학물리학과,박사,EM901,01,Thesis(Ph.D.),강준구,전공,일반과목,연구(Thesis),이론및실습,매년,0.0,0.0,0.0,N,Y,,
45,화학물리학과,박사,EM901,02,Thesis(Ph.D.),권상일,전공,일반과목,연구(Thesis),이론및실습,매년,0.0,0.0,0.0,N,Y,,
46,화학물리학과,박사,EM901,03,Thesis(Ph.D.),김성균,전공,일반과목,연구(Thesis),이론및실습,매년,0.0,0.0,0.0,N,Y,,
47,화학물리학과,박사,EM901,04,Thesis(Ph.D.),김소연,전공,일반과목,연구(Thesis),이론및실습,매년,0.0,0.0,0.0,N,Y,,
48,화학물리학과,박사,EM901,05,Thesis(Ph.D.),김아람,전공,일반과목,연구(Thesis),이론및실습,매년,0.0,0.0,0.0,N,Y,,
49,화학물리학과,박사,EM901,06,Thesis(Ph.D.),김영욱,전공,일반과목,연구(Thesis),이론및실습,매년,0.0,0.0,0.0,N,Y,,
50,화학물리학과,박사,EM901,07,Thesis(Ph.D.),김종구,전공,일반과목,연구(Thesis),이론및실습,매년,0.0,0.0,0.0,N,Y,,
51,화학물리학과,박사,EM901,08,Thesis(Ph.D.),남은주,전공,일반과목,연구(Thesis),이론및실습,매년,0.0,0.0,0.0,N,Y,,
52,화학물리학과,박사,EM901,09,Thesis(Ph.D.),문혜원,전공,일반과목,연구(Thesis),이론및실습,매년,0.0,0.0,0.0,N,Y,,
53,화학물리학과,박사,EM901,10,Thesis(Ph.D.),박기성,전공,일반과목,연구(Thesis),이론및실습,매년,0.0,0.0,0.0,N,Y,,
54,화학물리학과,박사,EM901,11,Thesis(Ph.D.),박진희,전공,일반과목,연구(Thesis),이론및실습,매년,0.0,0.0,0.0,N,Y,,
55,화학물리학과,박사,EM901,12,Thesis(Ph.D.),서상원,전공,일반과목,연구(Thesis),이론및실습,매년,0.0,0.0,0.0,N,Y,,
56,화학물리학과,박사,EM901,13,Thesis(Ph.D.),서정필,전공,일반과목,연구(Thesis),이론및실습,매년,0.0,0.0,0.0,N,Y,,
57,화학물리학과,박사,EM901,14,Thesis(Ph.D.),성주영,전공,일반과목,연구(Thesis),이론및실습,매년,0.0,0.0,0.0,N,Y,,
58,화학물리학과,박사,EM901,15,Thesis(Ph.D.),유천열,전공,일반과목,연구(Thesis),이론및실습,매년,0.0,0.0,0.0,N,Y,,
59,화학물리학과,박사,EM901,16,Thesis(Ph.D.),이성기,전공,일반과목,연구(Thesis),이론및실습,매년,0.0,0.0,0.0,N,Y,,
60,화학물리학과,박사,EM901,17,Thesis(Ph.D.),이성원,전공,일반과목,연구(Thesis),이론및실습,매년,0.0,0.0,0.0,N,Y,,
61,화학물리학과,박사,EM901,18,Thesis(Ph.D.),이신범,전공,일반과목,연구(Thesis),이론및실습,매년,0.0,0.0,0.0,N,Y,,
62,화학물리학과,박사,EM901,19,Thesis(Ph.D.),이재동,전공,일반과목,연구(Thesis),이론및실습,매년,0.0,0.0,0.0,N,Y,,
63,화학물리학과,박사,EM901,20,Thesis(Ph.D.),정낙천,전공,일반과목,연구(Thesis),이론및실습,매년,0.0,0.0,0.0,N,Y,,
64,화학물리학과,박사,EM901,21,Thesis(Ph.D.),정병혁,전공,일반과목,연구(Thesis),이론및실습,매년,0.0,0.0,0.0,N,Y,,
65,화학물리학과,박사,EM901,22,Thesis(Ph.D.),조용준,전공,일반과목,연구(Thesis),이론및실습,매년,0.0,0.0,0.0,N,Y,,
66,화학물리학과,박사,EM901,23,Thesis(Ph.D.),조창희,전공,일반과목,연구(Thesis),이론및실습,매년,0.0,0.0,0.0,N,Y,,
67,화학물리학과,박사,EM901,24,Thesis(Ph.D.),허승정,전공,일반과목,연구(Thesis),이론및실습,매년,0.0,0.0,0.0,N,Y,,
68,화학물리학과,박사,EM901,25,Thesis(Ph.D.),홍선기,전공,일반과목,연구(Thesis),이론및실습,매년,0.0,0.0,0.0,N,Y,,
69,화학물리학과,박사,EM901,26,Thesis(Ph.D.),홍정일,전공,일반과목,연구(Thesis),이론및실습,매년,0.0,0.0,0.0,N,Y,,
70,화학물리학과,석사,EM904,01,Internship(M.S.),박진희,전공,일반과목,연구(Internship),실습,매년,1.0,0.0,1.0,N,Y,,
71,화학물리학과,박사,EM905,01,Internship(Ph.D.),박진희,전공,일반과목,연구(Internship),실습,매년,1.0,0.0,1.0,N,Y,,
72,화학물리학과,석사,EM906,01,Seminar(M.S.),김아람,전공,일반과목,연구(Seminar),이론,매년,1.0,1.0,0.0,N,Y,화16:30-17:30(E2 - 115),
73,화학물리학과,박사,EM907,01,Seminar(Ph.D.),김아람,전공,일반과목,연구(Seminar),이론,매년,1.0,1.0,0.0,N,Y,화16:30-17:30(E2 - 115),
74,전기전자컴퓨터공학과,전체,IC521,01,소프트웨어 공학,김기섭,전공,일반과목,교과,이론,매년,3.0,3.0,0.0,N,Y,화13:00-16:00(E3 - 424),
75,전기전자컴퓨터공학과,전체,IC524,01,로직 및 소프트웨어 시스템,김백규,전공,일반과목,교과,이론,매년,3.0,3.0,0.0,N,Y,"화10:30-12:00(E3 - 113), 목10:30-12:00(E3 - 113)",
76,전기전자컴퓨터공학과,전체,IC525,01,소프트웨어 정형 검증,김윤승,전공,일반과목,교과,이론,매년,3.0,3.0,0.0,N,Y,"화13:00-14:30(E3 - 113), 목13:00-14:30(E3 - 113)",
77,전기전자컴퓨터공학과,전체,IC566c,01,확률변수 및 랜덤프로세스,윤성훈,전공,코어과목,교과,이론,매년,3.0,3.0,0.0,N,Y,"월13:30-15:00(E3 - 112), 수13:30-15:00(E3 - 112)",
78,전기전자컴퓨터공학과,전체,IC567c,01,선형시스템,김경대,전공,코어과목,교과,이론,매년,3.0,3.0,0.0,N,Y,"월15:00-16:30(E3 - 113), 수15:00-16:30(E3 - 113)",
79,전기전자컴퓨터공학과,전체,IC582c,01,반도체 공정,장재은,전공,코어과목,교과,이론,격년,3.0,3.0,0.0,N,Y,"화10:30-12:00(E3 - 626), 목10:30-12:00(E3 - 626)",
80,전기전자컴퓨터공학과,전체,IC585c,01,집적회로개론,이경태,전공,코어과목,교과,이론,격년,3.0,3.0,0.0,N,Y,"월15:00-16:30(E3 - 112), 수15:00-16:30(E3 - 112)",
81,전기전자컴퓨터공학과,전체,IC588,01,박막 트랜지스터 개론,이병문,전공,일반과목,교과,이론,격년,3.0,3.0,0.0,N,Y,"화15:00-16:30(E3 - 113), 목15:00-16:30(E3 - 113)",
82,전기전자컴퓨터공학과,전체,IC613,01,연합학습,소진현,전공,일반과목,교과,이론,격년,3.0,3.0,0.0,N,Y,"월15:00-16:30(E3 - 424), 수15:00-16:30(E3 - 424)",
83,전기전자컴퓨터공학과,전체,IC630c,01,무선 및 이동통신,최지웅,전공,코어과목,교과,이론,격년,3.0,3.0,0.0,N,Y,"화13:00-14:30(E3 - 112), 목13:00-14:30(E3 - 112)",
84,전기전자컴퓨터공학과,전체,IC633,01,코딩 및 정보이론,김영식,전공,일반과목,교과,이론,매년,3.0,3.0,0.0,N,Y,"월09:00-10:30(E3 - 112), 수09:00-10:30(E3 - 112)",
85,전기전자컴퓨터공학과,전체,IC670c,01,고급딥러닝,박대희,전공,코어과목,교과,이론,격년,3.0,3.0,0.0,N,Y,"월16:00-17:30(E3 - 626), 수16:00-17:30(E3 - 626)",
86,전기전자컴퓨터공학과,전체,IC692,01,반도체소자분석 원리와 기기,최상현,전공,일반과목,교과,이론,격년,3.0,3.0,0.0,N,Y,"월10:30-12:00(E3 - 424), 수10:30-12:00(E3 - 424)",
87,전기전자컴퓨터공학과,전체,IC755c,01,의생명광학,이병권,전공,코어과목,교과,이론,격년,3.0,3.0,0.0,N,Y,"화10:30-12:00(E3 - 424), 목10:30-12:00(E3 - 424)",
88,전기전자컴퓨터공학과,전체,IC769,01,계산기하학 및 응용,신동훈,전공,일반과목,교과,이론,격년,3.0,3.0,0.0,N,Y,"화13:30-15:00(E3 - 626), 목13:30-15:00(E3 - 626)",
89,전기전자컴퓨터공학과,전체,IC887,01,계측기 특강 - 측정장비의 원리와 구조,김가인,전공,특론과목,교과,이론,격년,3.0,3.0,0.0,N,Y,"월10:30-12:00(E3 - 626), 수10:30-12:00(E3 - 626)",
90,전기전자컴퓨터공학과,석사,IC900,01,Thesis(M.S.),권혁준,전공,일반과목,연구(Thesis),이론,매년,0.0,0.0,0.0,N,Y,,
91,전기전자컴퓨터공학과,석사,IC900,02,Thesis(M.S.),길현재,전공,일반과목,연구(Thesis),이론,매년,0.0,0.0,0.0,N,Y,,
92,전기전자컴퓨터공학과,석사,IC900,03,Thesis(M.S.),김가인,전공,일반과목,연구(Thesis),이론,매년,0.0,0.0,0.0,N,Y,,
93,전기전자컴퓨터공학과,석사,IC900,04,Thesis(M.S.),김경대,전공,일반과목,연구(Thesis),이론,매년,0.0,0.0,0.0,N,Y,,
94,전기전자컴퓨터공학과,석사,IC900,05,Thesis(M.S.),김기섭,전공,일반과목,연구(Thesis),이론,매년,0.0,0.0,0.0,N,Y,,
95,전기전자컴퓨터공학과,석사,IC900,06,Thesis(M.S.),김백규,전공,일반과목,연구(Thesis),이론,매년,0.0,0.0,0.0,N,Y,,
96,전기전자컴퓨터공학과,석사,IC900,07,Thesis(M.S.),김선준,전공,일반과목,연구(Thesis),이론,매년,0.0,0.0,0.0,N,Y,,
97,전기전자컴퓨터공학과,석사,IC900,08,Thesis(M.S.),김영식,전공,일반과목,연구(Thesis),이론,매년,0.0,0.0,0.0,N,Y,,
98,전기전자컴퓨터공학과,석사,IC900,10,Thesis(M.S.),목지수,전공,일반과목,연구(Thesis),이론,매년,0.0,0.0,0.0,N,Y,,
99,전기전자컴퓨터공학과,석사,IC900,11,Thesis(M.S.),박경준,전공,일반과목,연구(Thesis),이론,매년,0.0,0.0,0.0,N,Y,,
100,전기전자컴퓨터공학과,석사,IC900,12,Thesis(M.S.),박대희,전공,일반과목,연구(Thesis),이론,매년,0.0,0.0,0.0,N,Y,,
101,전기전자컴퓨터공학과,석사,IC900,13,Thesis(M.S.),서대원,전공,일반과목,연구(Thesis),이론,매년,0.0,0.0,0.0,N,Y,,
102,전기전자컴퓨터공학과,석사,IC900,14,Thesis(M.S.),소진현,전공,일반과목,연구(Thesis),이론,매년,0.0,0.0,0.0,N,Y,,
103,전기전자컴퓨터공학과,석사,IC900,15,Thesis(M.S.),송민영,전공,일반과목,연구(Thesis),이론,매년,0.0,0.0,0.0,N,Y,,
104,전기전자컴퓨터공학과,석사,IC900,16,Thesis(M.S.),신동훈,전공,일반과목,연구(Thesis),이론,매년,0.0,0.0,0.0,N,Y,,
105,전기전자컴퓨터공학과,석사,IC900,17,Thesis(M.S.),윤종혁,전공,일반과목,연구(Thesis),이론,매년,0.0,0.0,0.0,N,Y,,
106,전기전자컴퓨터공학과,석사,IC900,18,Thesis(M.S.),은용순,전공,일반과목,연구(Thesis),이론,매년,0.0,0.0,0.0,N,Y,,
107,전기전자컴퓨터공학과,석사,IC900,19,Thesis(M.S.),이경태,전공,일반과목,연구(Thesis),이론,매년,0.0,0.0,0.0,N,Y,,
108,전기전자컴퓨터공학과,석사,IC900,20,Thesis(M.S.),이기준,전공,일반과목,연구(Thesis),이론,매년,0.0,0.0,0.0,N,Y,,
109,전기전자컴퓨터공학과,석사,IC900,21,Thesis(M.S.),이민선,전공,일반과목,연구(Thesis),이론,매년,0.0,0.0,0.0,N,Y,,
110,전기전자컴퓨터공학과,석사,IC900,22,Thesis(M.S.),이병권,전공,일반과목,연구(Thesis),이론,매년,0.0,0.0,0.0,N,Y,,
111,전기전자컴퓨터공학과,석사,IC900,23,Thesis(M.S.),이병문,전공,일반과목,연구(Thesis),이론,매년,0.0,0.0,0.0,N,Y,,
112,전기전자컴퓨터공학과,석사,IC900,24,Thesis(M.S.),이용우,전공,일반과목,연구(Thesis),이론,매년,0.0,0.0,0.0,N,Y,,
113,전기전자컴퓨터공학과,석사,IC900,25,Thesis(M.S.),이정협,전공,일반과목,연구(Thesis),이론,매년,0.0,0.0,0.0,N,Y,,
114,전기전자컴퓨터공학과,석사,IC900,26,Thesis(M.S.),임성훈,전공,일반과목,연구(Thesis),이론,매년,0.0,0.0,0.0,N,Y,,
115,전기전자컴퓨터공학과,석사,IC900,27,Thesis(M.S.),장재은,전공,일반과목,연구(Thesis),이론,매년,0.0,0.0,0.0,N,Y,,
116,전기전자컴퓨터공학과,석사,IC900,28,Thesis(M.S.),장준기,전공,일반과목,연구(Thesis),이론,매년,0.0,0.0,0.0,N,Y,,
117,전기전자컴퓨터공학과,석사,IC900,29,Thesis(M.S.),장진호,전공,일반과목,연구(Thesis),이론,매년,0.0,0.0,0.0,N,Y,,
118,전기전자컴퓨터공학과,석사,IC900,30,Thesis(M.S.),전민석,전공,일반과목,연구(Thesis),이론,매년,0.0,0.0,0.0,N,Y,,
119,전기전자컴퓨터공학과,석사,IC900,31,Thesis(M.S.),좌훈승,전공,일반과목,연구(Thesis),이론,매년,0.0,0.0,0.0,N,Y,,
120,전기전자컴퓨터공학과,석사,IC900,32,Thesis(M.S.),최상현,전공,일반과목,연구(Thesis),이론,매년,0.0,0.0,0.0,N,Y,,
121,전기전자컴퓨터공학과,석사,IC900,33,Thesis(M.S.),최원석,전공,일반과목,연구(Thesis),이론,매년,0.0,0.0,0.0,N,Y,,
122,전기전자컴퓨터공학과,석사,IC900,34,Thesis(M.S.),최재호,전공,일반과목,연구(Thesis),이론,매년,0.0,0.0,0.0,N,Y,,
123,전기전자컴퓨터공학과,석사,IC900,35,Thesis(M.S.),최지웅,전공,일반과목,연구(Thesis),이론,매년,0.0,0.0,0.0,N,Y,,
124,전기전자컴퓨터공학과,석사,IC900,36,Thesis(M.S.),황재윤,전공,일반과목,연구(Thesis),이론,매년,0.0,0.0,0.0,N,Y,,
125,전기전자컴퓨터공학과,석사,IC900,37,Thesis(M.S.),김윤승,전공,일반과목,연구(Thesis),이론,매년,0.0,0.0,0.0,N,Y,,
126,전기전자컴퓨터공학과,석사,IC900,38,Thesis(M.S.),윤성훈,전공,일반과목,연구(Thesis),이론,매년,0.0,0.0,0.0,N,Y,,
127,전기전자컴퓨터공학과,석사,IC900,39,Thesis(M.S.),이효근,전공,일반과목,연구(Thesis),이론,매년,0.0,0.0,0.0,N,Y,,
128,전기전자컴퓨터공학과,박사,IC901,01,Thesis(Ph.D.),권혁준,전공,일반과목,연구(Thesis),이론,매년,0.0,0.0,0.0,N,Y,,
129,전기전자컴퓨터공학과,박사,IC901,02,Thesis(Ph.D.),길현재,전공,일반과목,연구(Thesis),이론,매년,0.0,0.0,0.0,N,Y,,
130,전기전자컴퓨터공학과,박사,IC901,03,Thesis(Ph.D.),김가인,전공,일반과목,연구(Thesis),이론,매년,0.0,0.0,0.0,N,Y,,
131,전기전자컴퓨터공학과,박사,IC901,04,Thesis(Ph.D.),김경대,전공,일반과목,연구(Thesis),이론,매년,0.0,0.0,0.0,N,Y,,
132,전기전자컴퓨터공학과,박사,IC901,05,Thesis(Ph.D.),김기섭,전공,일반과목,연구(Thesis),이론,매년,0.0,0.0,0.0,N,Y,,
133,전기전자컴퓨터공학과,박사,IC901,06,Thesis(Ph.D.),김백규,전공,일반과목,연구(Thesis),이론,매년,0.0,0.0,0.0,N,Y,,
134,전기전자컴퓨터공학과,박사,IC901,07,Thesis(Ph.D.),김선준,전공,일반과목,연구(Thesis),이론,매년,0.0,0.0,0.0,N,Y,,
135,전기전자컴퓨터공학과,박사,IC901,08,Thesis(Ph.D.),김영식,전공,일반과목,연구(Thesis),이론,매년,0.0,0.0,0.0,N,Y,,
136,전기전자컴퓨터공학과,박사,IC901,10,Thesis(Ph.D.),목지수,전공,일반과목,연구(Thesis),이론,매년,0.0,0.0,0.0,N,Y,,
137,전기전자컴퓨터공학과,박사,IC901,11,Thesis(Ph.D.),박경준,전공,일반과목,연구(Thesis),이론,매년,0.0,0.0,0.0,N,Y,,
138,전기전자컴퓨터공학과,박사,IC901,12,Thesis(Ph.D.),박대희,전공,일반과목,연구(Thesis),이론,매년,0.0,0.0,0.0,N,Y,,
139,전기전자컴퓨터공학과,박사,IC901,13,Thesis(Ph.D.),서대원,전공,일반과목,연구(Thesis),이론,매년,0.0,0.0,0.0,N,Y,,
140,전기전자컴퓨터공학과,박사,IC901,14,Thesis(Ph.D.),소진현,전공,일반과목,연구(Thesis),이론,매년,0.0,0.0,0.0,N,Y,,
141,전기전자컴퓨터공학과,박사,IC901,15,Thesis(Ph.D.),송민영,전공,일반과목,연구(Thesis),이론,매년,0.0,0.0,0.0,N,Y,,
142,전기전자컴퓨터공학과,박사,IC901,16,Thesis(Ph.D.),신동훈,전공,일반과목,연구(Thesis),이론,매년,0.0,0.0,0.0,N,Y,,
143,전기전자컴퓨터공학과,박사,IC901,17,Thesis(Ph.D.),윤종혁,전공,일반과목,연구(Thesis),이론,매년,0.0,0.0,0.0,N,Y,,
144,전기전자컴퓨터공학과,박사,IC901,18,Thesis(Ph.D.),은용순,전공,일반과목,연구(Thesis),이론,매년,0.0,0.0,0.0,N,Y,,
145,전기전자컴퓨터공학과,박사,IC901,19,Thesis(Ph.D.),이경태,전공,일반과목,연구(Thesis),이론,매년,0.0,0.0,0.0,N,Y,,
146,전기전자컴퓨터공학과,박사,IC901,20,Thesis(Ph.D.),이기준,전공,일반과목,연구(Thesis),이론,매년,0.0,0.0,0.0,N,Y,,
147,전기전자컴퓨터공학과,박사,IC901,21,Thesis(Ph.D.),이민선,전공,일반과목,연구(Thesis),이론,매년,0.0,0.0,0.0,N,Y,,
148,전기전자컴퓨터공학과,박사,IC901,22,Thesis(Ph.D.),이병권,전공,일반과목,연구(Thesis),이론,매년,0.0,0.0,0.0,N,Y,,
149,전기전자컴퓨터공학과,박사,IC901,23,Thesis(Ph.D.),이병문,전공,일반과목,연구(Thesis),이론,매년,0.0,0.0,0.0,N,Y,,
150,전기전자컴퓨터공학과,박사,IC901,24,Thesis(Ph.D.),이용우,전공,일반과목,연구(Thesis),이론,매년,0.0,0.0,0.0,N,Y,,
151,전기전자컴퓨터공학과,박사,IC901,25,Thesis(Ph.D.),이정협,전공,일반과목,연구(Thesis),이론,매년,0.0,0.0,0.0,N,Y,,
152,전기전자컴퓨터공학과,박사,IC901,26,Thesis(Ph.D.),임성훈,전공,일반과목,연구(Thesis),이론,매년,0.0,0.0,0.0,N,Y,,
153,전기전자컴퓨터공학과,박사,IC901,27,Thesis(Ph.D.),장재은,전공,일반과목,연구(Thesis),이론,매년,0.0,0.0,0.0,N,Y,,
154,전기전자컴퓨터공학과,박사,IC901,28,Thesis(Ph.D.),장준기,전공,일반과목,연구(Thesis),이론,매년,0.0,0.0,0.0,N,Y,,
155,전기전자컴퓨터공학과,박사,IC901,29,Thesis(Ph.D.),장진호,전공,일반과목,연구(Thesis),이론,매년,0.0,0.0,0.0,N,Y,,
156,전기전자컴퓨터공학과,박사,IC901,30,Thesis(Ph.D.),전민석,전공,일반과목,연구(Thesis),이론,매년,0.0,0.0,0.0,N,Y,,
157,전기전자컴퓨터공학과,박사,IC901,31,Thesis(Ph.D.),좌훈승,전공,일반과목,연구(Thesis),이론,매년,0.0,0.0,0.0,N,Y,,
158,전기전자컴퓨터공학과,박사,IC901,32,Thesis(Ph.D.),최상현,전공,일반과목,연구(Thesis),이론,매년,0.0,0.0,0.0,N,Y,,
159,전기전자컴퓨터공학과,박사,IC901,33,Thesis(Ph.D.),최원석,전공,일반과목,연구(Thesis),이론,매년,0.0,0.0,0.0,N,Y,,
160,전기전자컴퓨터공학과,박사,IC901,34,Thesis(Ph.D.),최재호,전공,일반과목,연구(Thesis),이론,매년,0.0,0.0,0.0,N,Y,,
161,전기전자컴퓨터공학과,박사,IC901,35,Thesis(Ph.D.),최지웅,전공,일반과목,연구(Thesis),이론,매년,0.0,0.0,0.0,N,Y,,
162,전기전자컴퓨터공학과,박사,IC901,36,Thesis(Ph.D.),황재윤,전공,일반과목,연구(Thesis),이론,매년,0.0,0.0,0.0,N,Y,,
163,전기전자컴퓨터공학과,박사,IC901,37,Thesis(Ph.D.),김윤승,전공,일반과목,연구(Thesis),이론,매년,0.0,0.0,0.0,N,Y,,
164,전기전자컴퓨터공학과,박사,IC901,38,Thesis(Ph.D.),윤성훈,전공,일반과목,연구(Thesis),이론,매년,0.0,0.0,0.0,N,Y,,
165,전기전자컴퓨터공학과,박사,IC901,39,Thesis(Ph.D.),이효근,전공,일반과목,연구(Thesis),이론,매년,0.0,0.0,0.0,N,Y,,
166,전기전자컴퓨터공학과,석사,IC904,01,Internship(M.S.),권혁준,전공,일반과목,연구(Internship),실습,매년,1.0,0.0,1.0,N,Y,,
167,전기전자컴퓨터공학과,석사,IC904,02,Internship(M.S.),길현재,전공,일반과목,연구(Internship),실습,매년,1.0,0.0,1.0,N,Y,,
168,전기전자컴퓨터공학과,석사,IC904,03,Internship(M.S.),김가인,전공,일반과목,연구(Internship),실습,매년,1.0,0.0,1.0,N,Y,,
169,전기전자컴퓨터공학과,석사,IC904,04,Internship(M.S.),김경대,전공,일반과목,연구(Internship),실습,매년,1.0,0.0,1.0,N,Y,,
170,전기전자컴퓨터공학과,석사,IC904,05,Internship(M.S.),김기섭,전공,일반과목,연구(Internship),실습,매년,1.0,0.0,1.0,N,Y,,
171,전기전자컴퓨터공학과,석사,IC904,06,Internship(M.S.),김백규,전공,일반과목,연구(Internship),실습,매년,1.0,0.0,1.0,N,Y,,
172,전기전자컴퓨터공학과,석사,IC904,07,Internship(M.S.),김선준,전공,일반과목,연구(Internship),실습,매년,1.0,0.0,1.0,N,Y,,
173,전기전자컴퓨터공학과,석사,IC904,08,Internship(M.S.),김영식,전공,일반과목,연구(Internship),실습,매년,1.0,0.0,1.0,N,Y,,
174,전기전자컴퓨터공학과,석사,IC904,10,Internship(M.S.),목지수,전공,일반과목,연구(Internship),실습,매년,1.0,0.0,1.0,N,Y,,
175,전기전자컴퓨터공학과,석사,IC904,11,Internship(M.S.),박경준,전공,일반과목,연구(Internship),실습,매년,1.0,0.0,1.0,N,Y,,
176,전기전자컴퓨터공학과,석사,IC904,12,Internship(M.S.),박대희,전공,일반과목,연구(Internship),실습,매년,1.0,0.0,1.0,N,Y,,
177,전기전자컴퓨터공학과,석사,IC904,13,Internship(M.S.),서대원,전공,일반과목,연구(Internship),실습,매년,1.0,0.0,1.0,N,Y,,
178,전기전자컴퓨터공학과,석사,IC904,14,Internship(M.S.),소진현,전공,일반과목,연구(Internship),실습,매년,1.0,0.0,1.0,N,Y,,
179,전기전자컴퓨터공학과,석사,IC904,15,Internship(M.S.),송민영,전공,일반과목,연구(Internship),실습,매년,1.0,0.0,1.0,N,Y,,
180,전기전자컴퓨터공학과,석사,IC904,16,Internship(M.S.),신동훈,전공,일반과목,연구(Internship),실습,매년,1.0,0.0,1.0,N,Y,,
181,전기전자컴퓨터공학과,석사,IC904,17,Internship(M.S.),윤종혁,전공,일반과목,연구(Internship),실습,매년,1.0,0.0,1.0,N,Y,,
182,전기전자컴퓨터공학과,석사,IC904,18,Internship(M.S.),은용순,전공,일반과목,연구(Internship),실습,매년,1.0,0.0,1.0,N,Y,,
183,전기전자컴퓨터공학과,석사,IC904,19,Internship(M.S.),이경태,전공,일반과목,연구(Internship),실습,매년,1.0,0.0,1.0,N,Y,,
184,전기전자컴퓨터공학과,석사,IC904,20,Internship(M.S.),이기준,전공,일반과목,연구(Internship),실습,매년,1.0,0.0,1.0,N,Y,,
185,전기전자컴퓨터공학과,석사,IC904,21,Internship(M.S.),이민선,전공,일반과목,연구(Internship),실습,매년,1.0,0.0,1.0,N,Y,,
186,전기전자컴퓨터공학과,석사,IC904,22,Internship(M.S.),이병권,전공,일반과목,연구(Internship),실습,매년,1.0,0.0,1.0,N,Y,,
187,전기전자컴퓨터공학과,석사,IC904,23,Internship(M.S.),이병문,전공,일반과목,연구(Internship),실습,매년,1.0,0.0,1.0,N,Y,,
188,전기전자컴퓨터공학과,석사,IC904,24,Internship(M.S.),이용우,전공,일반과목,연구(Internship),실습,매년,1.0,0.0,1.0,N,Y,,
189,전기전자컴퓨터공학과,석사,IC904,25,Internship(M.S.),이정협,전공,일반과목,연구(Internship),실습,매년,1.0,0.0,1.0,N,Y,,
190,전기전자컴퓨터공학과,석사,IC904,26,Internship(M.S.),임성훈,전공,일반과목,연구(Internship),실습,매년,1.0,0.0,1.0,N,Y,,
191,전기전자컴퓨터공학과,석사,IC904,27,Internship(M.S.),장재은,전공,일반과목,연구(Internship),실습,매년,1.0,0.0,1.0,N,Y,,
192,전기전자컴퓨터공학과,석사,IC904,28,Internship(M.S.),장준기,전공,일반과목,연구(Internship),실습,매년,1.0,0.0,1.0,N,Y,,
193,전기전자컴퓨터공학과,석사,IC904,29,Internship(M.S.),장진호,전공,일반과목,연구(Internship),실습,매년,1.0,0.0,1.0,N,Y,,
194,전기전자컴퓨터공학과,석사,IC904,30,Internship(M.S.),전민석,전공,일반과목,연구(Internship),실습,매년,1.0,0.0,1.0,N,Y,,
195,전기전자컴퓨터공학과,석사,IC904,31,Internship(M.S.),좌훈승,전공,일반과목,연구(Internship),실습,매년,1.0,0.0,1.0,N,Y,,
196,전기전자컴퓨터공학과,석사,IC904,32,Internship(M.S.),최상현,전공,일반과목,연구(Internship),실습,매년,1.0,0.0,1.0,N,Y,,
197,전기전자컴퓨터공학과,석사,IC904,33,Internship(M.S.),최원석,전공,일반과목,연구(Internship),실습,매년,1.0,0.0,1.0,N,Y,,
198,전기전자컴퓨터공학과,석사,IC904,34,Internship(M.S.),최재호,전공,일반과목,연구(Internship),실습,매년,1.0,0.0,1.0,N,Y,,
199,전기전자컴퓨터공학과,석사,IC904,35,Internship(M.S.),최지웅,전공,일반과목,연구(Internship),실습,매년,1.0,0.0,1.0,N,Y,,
200,전기전자컴퓨터공학과,석사,IC904,36,Internship(M.S.),황재윤,전공,일반과목,연구(Internship),실습,매년,1.0,0.0,1.0,N,Y,,
201,전기전자컴퓨터공학과,석사,IC904,37,Internship(M.S.),김윤승,전공,일반과목,연구(Internship),실습,매년,1.0,0.0,1.0,N,Y,,
202,전기전자컴퓨터공학과,석사,IC904,38,Internship(M.S.),윤성훈,전공,일반과목,연구(Internship),실습,매년,1.0,0.0,1.0,N,Y,,
203,전기전자컴퓨터공학과,석사,IC904,39,Internship(M.S.),이효근,전공,일반과목,연구(Internship),실습,매년,1.0,0.0,1.0,N,Y,,
204,전기전자컴퓨터공학과,박사,IC905,01,Internship(Ph.D.),권혁준,전공,일반과목,연구(Internship),실습,매년,1.0,0.0,1.0,N,Y,,
205,전기전자컴퓨터공학과,박사,IC905,02,Internship(Ph.D.),길현재,전공,일반과목,연구(Internship),실습,매년,1.0,0.0,1.0,N,Y,,
206,전기전자컴퓨터공학과,박사,IC905,03,Internship(Ph.D.),김가인,전공,일반과목,연구(Internship),실습,매년,1.0,0.0,1.0,N,Y,,
207,전기전자컴퓨터공학과,박사,IC905,04,Internship(Ph.D.),김경대,전공,일반과목,연구(Internship),실습,매년,1.0,0.0,1.0,N,Y,,
208,전기전자컴퓨터공학과,박사,IC905,05,Internship(Ph.D.),김기섭,전공,일반과목,연구(Internship),실습,매년,1.0,0.0,1.0,N,Y,,
209,전기전자컴퓨터공학과,박사,IC905,06,Internship(Ph.D.),김백규,전공,일반과목,연구(Internship),실습,매년,1.0,0.0,1.0,N,Y,,
210,전기전자컴퓨터공학과,박사,IC905,07,Internship(Ph.D.),김선준,전공,일반과목,연구(Internship),실습,매년,1.0,0.0,1.0,N,Y,,
211,전기전자컴퓨터공학과,박사,IC905,08,Internship(Ph.D.),김영식,전공,일반과목,연구(Internship),실습,매년,1.0,0.0,1.0,N,Y,,
212,전기전자컴퓨터공학과,박사,IC905,10,Internship(Ph.D.),목지수,전공,일반과목,연구(Internship),실습,매년,1.0,0.0,1.0,N,Y,,
213,전기전자컴퓨터공학과,박사,IC905,11,Internship(Ph.D.),박경준,전공,일반과목,연구(Internship),실습,매년,1.0,0.0,1.0,N,Y,,
214,전기전자컴퓨터공학과,박사,IC905,12,Internship(Ph.D.),박대희,전공,일반과목,연구(Internship),실습,매년,1.0,0.0,1.0,N,Y,,
215,전기전자컴퓨터공학과,박사,IC905,13,Internship(Ph.D.),서대원,전공,일반과목,연구(Internship),실습,매년,1.0,0.0,1.0,N,Y,,
216,전기전자컴퓨터공학과,박사,IC905,14,Internship(Ph.D.),소진현,전공,일반과목,연구(Internship),실습,매년,1.0,0.0,1.0,N,Y,,
217,전기전자컴퓨터공학과,박사,IC905,15,Internship(Ph.D.),송민영,전공,일반과목,연구(Internship),실습,매년,1.0,0.0,1.0,N,Y,,
218,전기전자컴퓨터공학과,박사,IC905,16,Internship(Ph.D.),신동훈,전공,일반과목,연구(Internship),실습,매년,1.0,0.0,1.0,N,Y,,
219,전기전자컴퓨터공학과,박사,IC905,17,Internship(Ph.D.),윤종혁,전공,일반과목,연구(Internship),실습,매년,1.0,0.0,1.0,N,Y,,
220,전기전자컴퓨터공학과,박사,IC905,18,Internship(Ph.D.),은용순,전공,일반과목,연구(Internship),실습,매년,1.0,0.0,1.0,N,Y,,
221,전기전자컴퓨터공학과,박사,IC905,19,Internship(Ph.D.),이경태,전공,일반과목,연구(Internship),실습,매년,1.0,0.0,1.0,N,Y,,
222,전기전자컴퓨터공학과,박사,IC905,20,Internship(Ph.D.),이기준,전공,일반과목,연구(Internship),실습,매년,1.0,0.0,1.0,N,Y,,
223,전기전자컴퓨터공학과,박사,IC905,21,Internship(Ph.D.),이민선,전공,일반과목,연구(Internship),실습,매년,1.0,0.0,1.0,N,Y,,
224,전기전자컴퓨터공학과,박사,IC905,22,Internship(Ph.D.),이병권,전공,일반과목,연구(Internship),실습,매년,1.0,0.0,1.0,N,Y,,
225,전기전자컴퓨터공학과,박사,IC905,23,Internship(Ph.D.),이병문,전공,일반과목,연구(Internship),실습,매년,1.0,0.0,1.0,N,Y,,
226,전기전자컴퓨터공학과,박사,IC905,24,Internship(Ph.D.),이용우,전공,일반과목,연구(Internship),실습,매년,1.0,0.0,1.0,N,Y,,
227,전기전자컴퓨터공학과,박사,IC905,25,Internship(Ph.D.),이정협,전공,일반과목,연구(Internship),실습,매년,1.0,0.0,1.0,N,Y,,
228,전기전자컴퓨터공학과,박사,IC905,26,Internship(Ph.D.),임성훈,전공,일반과목,연구(Internship),실습,매년,1.0,0.0,1.0,N,Y,,
229,전기전자컴퓨터공학과,박사,IC905,27,Internship(Ph.D.),장재은,전공,일반과목,연구(Internship),실습,매년,1.0,0.0,1.0,N,Y,,
230,전기전자컴퓨터공학과,박사,IC905,28,Internship(Ph.D.),장준기,전공,일반과목,연구(Internship),실습,매년,1.0,0.0,1.0,N,Y,,
231,전기전자컴퓨터공학과,박사,IC905,29,Internship(Ph.D.),장진호,전공,일반과목,연구(Internship),실습,매년,1.0,0.0,1.0,N,Y,,
232,전기전자컴퓨터공학과,박사,IC905,30,Internship(Ph.D.),전민석,전공,일반과목,연구(Internship),실습,매년,1.0,0.0,1.0,N,Y,,
233,전기전자컴퓨터공학과,박사,IC905,31,Internship(Ph.D.),좌훈승,전공,일반과목,연구(Internship),실습,매년,1.0,0.0,1.0,N,Y,,
234,전기전자컴퓨터공학과,박사,IC905,32,Internship(Ph.D.),최상현,전공,일반과목,연구(Internship),실습,매년,1.0,0.0,1.0,N,Y,,
235,전기전자컴퓨터공학과,박사,IC905,33,Internship(Ph.D.),최원석,전공,일반과목,연구(Internship),실습,매년,1.0,0.0,1.0,N,Y,,
236,전기전자컴퓨터공학과,박사,IC905,34,Internship(Ph.D.),최재호,전공,일반과목,연구(Internship),실습,매년,1.0,0.0,1.0,N,Y,,
237,전기전자컴퓨터공학과,박사,IC905,35,Internship(Ph.D.),최지웅,전공,일반과목,연구(Internship),실습,매년,1.0,0.0,1.0,N,Y,,
238,전기전자컴퓨터공학과,박사,IC905,36,Internship(Ph.D.),황재윤,전공,일반과목,연구(Internship),실습,매년,1.0,0.0,1.0,N,Y,,
239,전기전자컴퓨터공학과,박사,IC905,37,Internship(Ph.D.),김윤승,전공,일반과목,연구(Internship),실습,매년,1.0,0.0,1.0,N,Y,,
240,전기전자컴퓨터공학과,박사,IC905,38,Internship(Ph.D.),윤성훈,전공,일반과목,연구(Internship),실습,매년,1.0,0.0,1.0,N,Y,,
241,전기전자컴퓨터공학과,박사,IC905,39,Internship(Ph.D.),이효근,전공,일반과목,연구(Internship),실습,매년,1.0,0.0,1.0,N,Y,,
242,전기전자컴퓨터공학과,석사,IC906,01,Seminar(M.S.),김영식,전공,일반과목,연구(Seminar),이론,매년,1.0,1.0,0.0,N,Y,화16:30-17:30(E3 - 112),
243,전기전자컴퓨터공학과,박사,IC907,01,Seminar(Ph.D.),김영식,전공,일반과목,연구(Seminar),이론,매년,1.0,1.0,0.0,N,Y,화17:00-18:00(E3 - 112),
244,로봇및기계전자공학과,전체,RT514,01,의용생체공학★,이아형,전공,일반과목,교과,이론,격년,3.0,3.0,0.0,N,Y,"화14:30-16:00(E5 - 115), 목14:30-16:00(E5 - 115)",
245,로봇및기계전자공학과,전체,RT515,01,뇌-기계인터페이스입문★,김소희,전공,일반과목,교과,이론,격년,3.0,3.0,0.0,N,Y,"월14:30-16:00(E5 - 115), 수14:30-16:00(E5 - 115)",
246,로봇및기계전자공학과,전체,RT516,01,의료영상학★,유재석,전공,일반과목,교과,이론,매년,3.0,3.0,0.0,N,Y,"월13:00-14:30(E5 - 116), 수13:00-14:30(E5 - 116)",
247,로봇및기계전자공학과,전체,RT603c,01,응용수학,이옥균,전공,코어과목,교과,이론,매년,3.0,3.0,0.0,N,Y,"화09:00-10:30(E5 - 425), 목09:00-10:30(E5 - 425)",
248,로봇및기계전자공학과,전체,RT604,01,고등 모빌리티공학,김기섭,전공,일반과목,교과,이론,매년,3.0,3.0,0.0,N,Y,"월09:00-10:30(E5 - 425), 수09:00-10:30(E5 - 425)",
249,로봇및기계전자공학과,전체,RT605,01,나노공정기술,김봉훈,전공,일반과목,교과,이론,매년,3.0,3.0,0.0,N,Y,월11:30-14:30(E5 - 115),
250,로봇및기계전자공학과,전체,RT611,01,정밀구동 및 센서,송철,전공,일반과목,교과,이론및실습,격년,3.0,3.0,1.0,N,Y,"월16:00-18:00(E5 - 116), 수16:00-18:00(E5 - 116)",
251,로봇및기계전자공학과,전체,RT624,01,모터시스템제어,남강현,전공,일반과목,교과,이론,격년,3.0,3.0,0.0,N,Y,"화10:30-12:00(E5 - 116), 목10:30-12:00(E5 - 116)",
252,로봇및기계전자공학과,전체,RT625,01,광신호처리,문인규,전공,일반과목,교과,이론,격년,3.0,3.0,0.0,N,Y,"월10:30-12:00(E5 - 425), 수10:30-12:00(E5 - 425)",
253,로봇및기계전자공학과,전체,RT711,01,고급전자기학,한상윤,전공,일반과목,교과,이론,매년,3.0,3.0,0.0,N,Y,"월15:00-16:30(E5 - 114), 수15:00-16:30(E5 - 114)",
254,로봇및기계전자공학과,전체,RT761,01,딥러닝,김동욱,전공,일반과목,교과,이론및실습,격년,3.0,3.0,1.0,N,Y,"화10:30-12:00(E5 - 425), 목10:30-12:00(E5 - 425)",
255,로봇및기계전자공학과,석사,RT900,01,논문연구,오세훈,전공,일반과목,연구(Thesis),이론,매년,0.0,0.0,0.0,N,Y,,
256,로봇및기계전자공학과,석사,RT900,02,논문연구,김기섭,전공,일반과목,연구(Thesis),이론,매년,0.0,0.0,0.0,N,Y,,
257,로봇및기계전자공학과,석사,RT900,03,논문연구,김동욱,전공,일반과목,연구(Thesis),이론,매년,0.0,0.0,0.0,N,Y,,
258,로봇및기계전자공학과,석사,RT900,04,논문연구,김봉훈,전공,일반과목,연구(Thesis),이론,매년,0.0,0.0,0.0,N,Y,,
259,로봇및기계전자공학과,석사,RT900,05,논문연구,김소희,전공,일반과목,연구(Thesis),이론,매년,0.0,0.0,0.0,N,Y,,
260,로봇및기계전자공학과,석사,RT900,06,논문연구,김회준,전공,일반과목,연구(Thesis),이론,매년,0.0,0.0,0.0,N,Y,,
261,로봇및기계전자공학과,석사,RT900,07,논문연구,남강현,전공,일반과목,연구(Thesis),이론,매년,0.0,0.0,0.0,N,Y,,
262,로봇및기계전자공학과,석사,RT900,08,논문연구,문인규,전공,일반과목,연구(Thesis),이론,매년,0.0,0.0,0.0,N,Y,,
263,로봇및기계전자공학과,석사,RT900,09,논문연구,박경서,전공,일반과목,연구(Thesis),이론,매년,0.0,0.0,0.0,N,Y,,
264,로봇및기계전자공학과,석사,RT900,11,논문연구,박석호,전공,일반과목,연구(Thesis),이론,매년,0.0,0.0,0.0,N,Y,,
265,로봇및기계전자공학과,석사,RT900,12,논문연구,박준혁,전공,일반과목,연구(Thesis),이론,매년,0.0,0.0,0.0,N,Y,,
266,로봇및기계전자공학과,석사,RT900,13,논문연구,송석호,전공,일반과목,연구(Thesis),이론,매년,0.0,0.0,0.0,N,Y,,
267,로봇및기계전자공학과,석사,RT900,14,논문연구,송철,전공,일반과목,연구(Thesis),이론,매년,0.0,0.0,0.0,N,Y,,
268,로봇및기계전자공학과,석사,RT900,15,논문연구,유재석,전공,일반과목,연구(Thesis),이론,매년,0.0,0.0,0.0,N,Y,,
269,로봇및기계전자공학과,석사,RT900,16,논문연구,윤동원,전공,일반과목,연구(Thesis),이론,매년,0.0,0.0,0.0,N,Y,,
270,로봇및기계전자공학과,석사,RT900,17,논문연구,이상훈,전공,일반과목,연구(Thesis),이론,매년,0.0,0.0,0.0,N,Y,,
271,로봇및기계전자공학과,석사,RT900,18,논문연구,이성민,전공,일반과목,연구(Thesis),이론,매년,0.0,0.0,0.0,N,Y,,
272,로봇및기계전자공학과,석사,RT900,19,논문연구,이아형,전공,일반과목,연구(Thesis),이론,매년,0.0,0.0,0.0,N,Y,,
273,로봇및기계전자공학과,석사,RT900,20,논문연구,이옥균,전공,일반과목,연구(Thesis),이론,매년,0.0,0.0,0.0,N,Y,,
274,로봇및기계전자공학과,석사,RT900,21,논문연구,이재홍,전공,일반과목,연구(Thesis),이론,매년,0.0,0.0,0.0,N,Y,,
275,로봇및기계전자공학과,석사,RT900,22,논문연구,임용섭,전공,일반과목,연구(Thesis),이론,매년,0.0,0.0,0.0,N,Y,,
276,로봇및기계전자공학과,석사,RT900,23,논문연구,장경인,전공,일반과목,연구(Thesis),이론,매년,0.0,0.0,0.0,N,Y,,
277,로봇및기계전자공학과,석사,RT900,24,논문연구,정소현,전공,일반과목,연구(Thesis),이론,매년,0.0,0.0,0.0,N,Y,,
278,로봇및기계전자공학과,석사,RT900,25,논문연구,한상윤,전공,일반과목,연구(Thesis),이론,매년,0.0,0.0,0.0,N,Y,,
279,로봇및기계전자공학과,석사,RT900,26,논문연구,황민호,전공,일반과목,연구(Thesis),이론,매년,0.0,0.0,0.0,N,Y,,
280,로봇및기계전자공학과,석사,RT900,27,논문연구,노어진,전공,일반과목,연구(Thesis),이론,매년,0.0,0.0,0.0,N,Y,,
281,로봇및기계전자공학과,석사,RT900,28,논문연구,이용석,전공,일반과목,연구(Thesis),이론,매년,0.0,0.0,0.0,N,Y,,
282,로봇및기계전자공학과,박사,RT901,01,논문연구,오세훈,전공,일반과목,연구(Thesis),이론,매년,0.0,0.0,0.0,N,Y,,
283,로봇및기계전자공학과,박사,RT901,02,논문연구,김기섭,전공,일반과목,연구(Thesis),이론,매년,0.0,0.0,0.0,N,Y,,
284,로봇및기계전자공학과,박사,RT901,03,논문연구,김동욱,전공,일반과목,연구(Thesis),이론,매년,0.0,0.0,0.0,N,Y,,
285,로봇및기계전자공학과,박사,RT901,04,논문연구,김봉훈,전공,일반과목,연구(Thesis),이론,매년,0.0,0.0,0.0,N,Y,,
286,로봇및기계전자공학과,박사,RT901,05,논문연구,김소희,전공,일반과목,연구(Thesis),이론,매년,0.0,0.0,0.0,N,Y,,
287,로봇및기계전자공학과,박사,RT901,06,논문연구,김회준,전공,일반과목,연구(Thesis),이론,매년,0.0,0.0,0.0,N,Y,,
288,로봇및기계전자공학과,박사,RT901,07,논문연구,남강현,전공,일반과목,연구(Thesis),이론,매년,0.0,0.0,0.0,N,Y,,
289,로봇및기계전자공학과,박사,RT901,08,논문연구,문인규,전공,일반과목,연구(Thesis),이론,매년,0.0,0.0,0.0,N,Y,,
290,로봇및기계전자공학과,박사,RT901,09,논문연구,박경서,전공,일반과목,연구(Thesis),이론,매년,0.0,0.0,0.0,N,Y,,
291,로봇및기계전자공학과,박사,RT901,11,논문연구,박석호,전공,일반과목,연구(Thesis),이론,매년,0.0,0.0,0.0,N,Y,,
292,로봇및기계전자공학과,박사,RT901,12,논문연구,박준혁,전공,일반과목,연구(Thesis),이론,매년,0.0,0.0,0.0,N,Y,,
293,로봇및기계전자공학과,박사,RT901,13,논문연구,송석호,전공,일반과목,연구(Thesis),이론,매년,0.0,0.0,0.0,N,Y,,
294,로봇및기계전자공학과,박사,RT901,14,논문연구,송철,전공,일반과목,연구(Thesis),이론,매년,0.0,0.0,0.0,N,Y,,
295,로봇및기계전자공학과,박사,RT901,15,논문연구,유재석,전공,일반과목,연구(Thesis),이론,매년,0.0,0.0,0.0,N,Y,,
296,로봇및기계전자공학과,박사,RT901,16,논문연구,윤동원,전공,일반과목,연구(Thesis),이론,매년,0.0,0.0,0.0,N,Y,,
297,로봇및기계전자공학과,박사,RT901,17,논문연구,이상훈,전공,일반과목,연구(Thesis),이론,매년,0.0,0.0,0.0,N,Y,,
298,로봇및기계전자공학과,박사,RT901,18,논문연구,이성민,전공,일반과목,연구(Thesis),이론,매년,0.0,0.0,0.0,N,Y,,
299,로봇및기계전자공학과,박사,RT901,19,논문연구,이아형,전공,일반과목,연구(Thesis),이론,매년,0.0,0.0,0.0,N,Y,,
300,로봇및기계전자공학과,박사,RT901,20,논문연구,이옥균,전공,일반과목,연구(Thesis),이론,매년,0.0,0.0,0.0,N,Y,,
301,로봇및기계전자공학과,박사,RT901,21,논문연구,이재홍,전공,일반과목,연구(Thesis),이론,매년,0.0,0.0,0.0,N,Y,,
302,로봇및기계전자공학과,박사,RT901,22,논문연구,임용섭,전공,일반과목,연구(Thesis),이론,매년,0.0,0.0,0.0,N,Y,,
303,로봇및기계전자공학과,박사,RT901,23,논문연구,장경인,전공,일반과목,연구(Thesis),이론,매년,0.0,0.0,0.0,N,Y,,
304,로봇및기계전자공학과,박사,RT901,24,논문연구,정소현,전공,일반과목,연구(Thesis),이론,매년,0.0,0.0,0.0,N,Y,,
305,로봇및기계전자공학과,박사,RT901,25,논문연구,한상윤,전공,일반과목,연구(Thesis),이론,매년,0.0,0.0,0.0,N,Y,,
306,로봇및기계전자공학과,박사,RT901,26,논문연구,황민호,전공,일반과목,연구(Thesis),이론,매년,0.0,0.0,0.0,N,Y,,
307,로봇및기계전자공학과,박사,RT901,27,논문연구,노어진,전공,일반과목,연구(Thesis),이론,매년,0.0,0.0,0.0,N,Y,,
308,로봇및기계전자공학과,박사,RT901,28,논문연구,이용석,전공,일반과목,연구(Thesis),이론,매년,0.0,0.0,0.0,N,Y,,
309,로봇및기계전자공학과,석사,RT906,01,세미나(M.S.),윤동원,전공,일반과목,연구(Seminar),이론,매년,1.0,1.0,0.0,N,Y,화16:00-17:00(E5 - 425),
310,로봇및기계전자공학과,박사,RT907,01,세미나(Ph.D.),윤동원,전공,일반과목,연구(Seminar),이론,매년,1.0,1.0,0.0,N,Y,화17:00-18:00(E5 - 425),
311,로봇및기계전자공학과,전체,RT908,01,연구윤리,오세훈,전공,일반과목,연구(Thesis),이론,매년,0.0,1.0,0.0,N,Y,,
312,로봇및기계전자공학과,전체,RT908,02,연구윤리,김기섭,전공,일반과목,연구(Thesis),이론,매년,0.0,1.0,0.0,N,Y,,
313,로봇및기계전자공학과,전체,RT908,03,연구윤리,김동욱,전공,일반과목,연구(Thesis),이론,매년,0.0,1.0,0.0,N,Y,,
314,로봇및기계전자공학과,전체,RT908,04,연구윤리,김봉훈,전공,일반과목,연구(Thesis),이론,매년,0.0,1.0,0.0,N,Y,,
315,로봇및기계전자공학과,전체,RT908,05,연구윤리,김소희,전공,일반과목,연구(Thesis),이론,매년,0.0,1.0,0.0,N,Y,,
316,로봇및기계전자공학과,전체,RT908,06,연구윤리,김회준,전공,일반과목,연구(Thesis),이론,매년,0.0,1.0,0.0,N,Y,,
317,로봇및기계전자공학과,전체,RT908,07,연구윤리,남강현,전공,일반과목,연구(Thesis),이론,매년,0.0,1.0,0.0,N,Y,,
318,로봇및기계전자공학과,전체,RT908,08,연구윤리,문인규,전공,일반과목,연구(Thesis),이론,매년,0.0,1.0,0.0,N,Y,,
319,로봇및기계전자공학과,전체,RT908,09,연구윤리,박경서,전공,일반과목,연구(Thesis),이론,매년,0.0,1.0,0.0,N,Y,,
320,로봇및기계전자공학과,전체,RT908,11,연구윤리,박석호,전공,일반과목,연구(Thesis),이론,매년,0.0,1.0,0.0,N,Y,,
321,로봇및기계전자공학과,전체,RT908,12,연구윤리,박준혁,전공,일반과목,연구(Thesis),이론,매년,0.0,1.0,0.0,N,Y,,
322,로봇및기계전자공학과,전체,RT908,13,연구윤리,송석호,전공,일반과목,연구(Thesis),이론,매년,0.0,1.0,0.0,N,Y,,
323,로봇및기계전자공학과,전체,RT908,14,연구윤리,송철,전공,일반과목,연구(Thesis),이론,매년,0.0,1.0,0.0,N,Y,,
324,로봇및기계전자공학과,전체,RT908,15,연구윤리,유재석,전공,일반과목,연구(Thesis),이론,매년,0.0,1.0,0.0,N,Y,,
325,로봇및기계전자공학과,전체,RT908,16,연구윤리,윤동원,전공,일반과목,연구(Thesis),이론,매년,0.0,1.0,0.0,N,Y,,
326,로봇및기계전자공학과,전체,RT908,17,연구윤리,이상훈,전공,일반과목,연구(Thesis),이론,매년,0.0,1.0,0.0,N,Y,,
327,로봇및기계전자공학과,전체,RT908,18,연구윤리,이성민,전공,일반과목,연구(Thesis),이론,매년,0.0,1.0,0.0,N,Y,,
328,로봇및기계전자공학과,전체,RT908,19,연구윤리,이아형,전공,일반과목,연구(Thesis),이론,매년,0.0,1.0,0.0,N,Y,,
329,로봇및기계전자공학과,전체,RT908,20,연구윤리,이옥균,전공,일반과목,연구(Thesis),이론,매년,0.0,1.0,0.0,N,Y,,
330,로봇및기계전자공학과,전체,RT908,21,연구윤리,이재홍,전공,일반과목,연구(Thesis),이론,매년,0.0,1.0,0.0,N,Y,,
331,로봇및기계전자공학과,전체,RT908,22,연구윤리,임용섭,전공,일반과목,연구(Thesis),이론,매년,0.0,1.0,0.0,N,Y,,
332,로봇및기계전자공학과,전체,RT908,23,연구윤리,장경인,전공,일반과목,연구(Thesis),이론,매년,0.0,1.0,0.0,N,Y,,
333,로봇및기계전자공학과,전체,RT908,24,연구윤리,정소현,전공,일반과목,연구(Thesis),이론,매년,0.0,1.0,0.0,N,Y,,
334,로봇및기계전자공학과,전체,RT908,25,연구윤리,한상윤,전공,일반과목,연구(Thesis),이론,매년,0.0,1.0,0.0,N,Y,,
335,로봇및기계전자공학과,전체,RT908,26,연구윤리,황민호,전공,일반과목,연구(Thesis),이론,매년,0.0,1.0,0.0,N,Y,,
336,로봇및기계전자공학과,전체,RT908,27,연구윤리,노어진,전공,일반과목,연구(Thesis),이론,매년,0.0,1.0,0.0,N,Y,,
337,로봇및기계전자공학과,전체,RT908,28,연구윤리,이용석,전공,일반과목,연구(Thesis),이론,매년,0.0,1.0,0.0,N,Y,,
338,에너지공학과,전체,ES621c,01,에너지 재료 기기 분석,이종수,전공,코어과목,교과,이론및실습,매년,3.0,2.0,1.0,N,Y,화13:00-16:00(E6 - 620),"동일과목 : [대학원](ES621) Instrumental Analysis for Energy Materials, [대학](ES621) 분석개론 (이,공)"
339,에너지공학과,전체,ES735,01,고분자물리,허수미,전공,일반과목,교과,이론,격년,3.0,3.0,0.0,N,Y,"화09:00-10:30(E6 - 620), 목09:00-10:30(E6 - 620)",
340,에너지공학과,전체,ES748,01,고급 광전자소자 및 재료,이윤구,전공,일반과목,교과,이론,매년,3.0,3.0,0.0,N,Y,"월16:30-18:00(E6 - 621), 수16:30-18:00(E6 - 621)",
341,에너지공학과,전체,ES773,01,기능성 무기 나노 소재,양지웅,전공,일반과목,교과,이론,매년,3.0,3.0,0.0,N,Y,"월13:00-14:30(E6 - 620), 수13:00-14:30(E6 - 620)",
342,에너지공학과,전체,ES777,01,전기화학 소재 설계,김운혁,전공,일반과목,교과,이론,매년,3.0,3.0,0.0,N,Y,"월10:00-11:30(E6 - 620), 수10:00-11:30(E6 - 620)",
343,에너지공학과,전체,ES785,01,광촉매의 원리와 응용,김승현,전공,일반과목,교과,이론,매년,3.0,3.0,0.0,N,Y,"월10:00-11:30(E6 - 621), 수10:00-11:30(E6 - 621)",
344,에너지공학과,전체,ES788,01,차세대 이차전지 소재의 고도분석,김운혁,전공,일반과목,교과,이론,매년,3.0,3.0,0.0,N,Y,월16:00-19:00(E6 - 620),
345,에너지공학과,전체,ES809,01,이차전지 특론 3 - AI for Battery,박인철,전공,특론과목,교과,이론,매년,3.0,3.0,0.0,N,Y,화16:00-19:00(E6 - 620),
346,에너지공학과,석사,ES900,01,Thesis(M.S.),이호춘,전공,일반과목,연구(Thesis),실습,매년,0.0,0.0,0.0,N,Y,,
347,에너지공학과,석사,ES900,02,Thesis(M.S.),이윤구,전공,일반과목,연구(Thesis),실습,매년,0.0,0.0,0.0,N,Y,,
348,에너지공학과,석사,ES900,03,Thesis(M.S.),상가라쥬샨무감,전공,일반과목,연구(Thesis),실습,매년,0.0,0.0,0.0,N,Y,,
349,에너지공학과,석사,ES900,04,Thesis(M.S.),이종수,전공,일반과목,연구(Thesis),실습,매년,0.0,0.0,0.0,N,Y,,
350,에너지공학과,석사,ES900,05,Thesis(M.S.),인수일,전공,일반과목,연구(Thesis),실습,매년,0.0,0.0,0.0,N,Y,,
351,에너지공학과,석사,ES900,06,Thesis(M.S.),장윤희,전공,일반과목,연구(Thesis),실습,매년,0.0,0.0,0.0,N,Y,,
352,에너지공학과,석사,ES900,07,Thesis(M.S.),이주혁,전공,일반과목,연구(Thesis),실습,매년,0.0,0.0,0.0,N,Y,,
353,에너지공학과,석사,ES900,08,Thesis(M.S.),양지웅,전공,일반과목,연구(Thesis),실습,매년,0.0,0.0,0.0,N,Y,,
354,에너지공학과,석사,ES900,09,Thesis(M.S.),최승호,전공,일반과목,연구(Thesis),실습,매년,0.0,0.0,0.0,N,Y,,
355,에너지공학과,석사,ES900,10,Thesis(M.S.),김찬연,전공,일반과목,연구(Thesis),실습,매년,0.0,0.0,0.0,N,Y,,
356,에너지공학과,석사,ES900,11,Thesis(M.S.),호동해,전공,일반과목,연구(Thesis),실습,매년,0.0,0.0,0.0,N,Y,,
357,에너지공학과,석사,ES900,12,Thesis(M.S.),김운혁,전공,일반과목,연구(Thesis),실습,매년,0.0,0.0,0.0,N,Y,,
358,에너지공학과,석사,ES900,13,Thesis(M.S.),김승현,전공,일반과목,연구(Thesis),실습,매년,0.0,0.0,0.0,N,Y,,
359,에너지공학과,석사,ES900,14,Thesis(M.S.),고서진,전공,일반과목,연구(Thesis),실습,매년,0.0,0.0,0.0,N,Y,,
360,에너지공학과,석사,ES900,15,Thesis(M.S.),김진수,전공,일반과목,연구(Thesis),실습,매년,0.0,0.0,0.0,N,Y,,
361,에너지공학과,석사,ES900,16,Thesis(M.S.),이종민,전공,일반과목,연구(Thesis),실습,매년,0.0,0.0,0.0,N,Y,,
362,에너지공학과,석사,ES900,17,Thesis(M.S.),김영규,전공,일반과목,연구(Thesis),실습,매년,0.0,0.0,0.0,N,Y,,
363,에너지공학과,석사,ES900,18,Thesis(M.S.),허수미,전공,일반과목,연구(Thesis),실습,매년,0.0,0.0,0.0,N,Y,,
364,에너지공학과,석사,ES900,19,Thesis(M.S.),최종민,전공,일반과목,연구(Thesis),실습,매년,0.0,0.0,0.0,N,Y,,
365,에너지공학과,석사,ES900,20,Thesis(M.S.),홍승태,전공,일반과목,연구(Thesis),실습,매년,0.0,0.0,0.0,N,Y,,
366,에너지공학과,석사,ES900,21,Thesis(M.S.),박치영,전공,일반과목,연구(Thesis),실습,매년,0.0,0.0,0.0,N,Y,,
367,에너지공학과,석사,ES900,22,Thesis(M.S.),박인철,전공,일반과목,연구(Thesis),실습,매년,0.0,0.0,0.0,N,Y,,
368,에너지공학과,박사,ES901,01,Thesis(Ph.D.),이호춘,전공,일반과목,연구(Thesis),실습,매년,0.0,0.0,0.0,N,Y,,
369,에너지공학과,박사,ES901,02,Thesis(Ph.D.),이윤구,전공,일반과목,연구(Thesis),실습,매년,0.0,0.0,0.0,N,Y,,
370,에너지공학과,박사,ES901,03,Thesis(Ph.D.),상가라쥬샨무감,전공,일반과목,연구(Thesis),실습,매년,0.0,0.0,0.0,N,Y,,
371,에너지공학과,박사,ES901,04,Thesis(Ph.D.),이종수,전공,일반과목,연구(Thesis),실습,매년,0.0,0.0,0.0,N,Y,,
372,에너지공학과,박사,ES901,05,Thesis(Ph.D.),인수일,전공,일반과목,연구(Thesis),실습,매년,0.0,0.0,0.0,N,Y,,
373,에너지공학과,박사,ES901,06,Thesis(Ph.D.),장윤희,전공,일반과목,연구(Thesis),실습,매년,0.0,0.0,0.0,N,Y,,
374,에너지공학과,박사,ES901,07,Thesis(Ph.D.),이주혁,전공,일반과목,연구(Thesis),실습,매년,0.0,0.0,0.0,N,Y,,
375,에너지공학과,박사,ES901,08,Thesis(Ph.D.),양지웅,전공,일반과목,연구(Thesis),실습,매년,0.0,0.0,0.0,N,Y,,
376,에너지공학과,박사,ES901,09,Thesis(Ph.D.),최승호,전공,일반과목,연구(Thesis),실습,매년,0.0,0.0,0.0,N,Y,,
377,에너지공학과,박사,ES901,10,Thesis(Ph.D.),김찬연,전공,일반과목,연구(Thesis),실습,매년,0.0,0.0,0.0,N,Y,,
378,에너지공학과,박사,ES901,11,Thesis(Ph.D.),호동해,전공,일반과목,연구(Thesis),실습,매년,0.0,0.0,0.0,N,Y,,
379,에너지공학과,박사,ES901,12,Thesis(Ph.D.),김운혁,전공,일반과목,연구(Thesis),실습,매년,0.0,0.0,0.0,N,Y,,
380,에너지공학과,박사,ES901,13,Thesis(Ph.D.),김승현,전공,일반과목,연구(Thesis),실습,매년,0.0,0.0,0.0,N,Y,,
381,에너지공학과,박사,ES901,14,Thesis(Ph.D.),고서진,전공,일반과목,연구(Thesis),실습,매년,0.0,0.0,0.0,N,Y,,
382,에너지공학과,박사,ES901,15,Thesis(Ph.D.),김진수,전공,일반과목,연구(Thesis),실습,매년,0.0,0.0,0.0,N,Y,,
383,에너지공학과,박사,ES901,16,Thesis(Ph.D.),이종민,전공,일반과목,연구(Thesis),실습,매년,0.0,0.0,0.0,N,Y,,
384,에너지공학과,박사,ES901,17,Thesis(Ph.D.),김영규,전공,일반과목,연구(Thesis),실습,매년,0.0,0.0,0.0,N,Y,,
385,에너지공학과,박사,ES901,18,Thesis(Ph.D.),허수미,전공,일반과목,연구(Thesis),실습,매년,0.0,0.0,0.0,N,Y,,
386,에너지공학과,박사,ES901,19,Thesis(Ph.D.),최종민,전공,일반과목,연구(Thesis),실습,매년,0.0,0.0,0.0,N,Y,,
387,에너지공학과,박사,ES901,20,Thesis(Ph.D.),홍승태,전공,일반과목,연구(Thesis),실습,매년,0.0,0.0,0.0,N,Y,,
388,에너지공학과,박사,ES901,21,Thesis(Ph.D.),박치영,전공,일반과목,연구(Thesis),실습,매년,0.0,0.0,0.0,N,Y,,
389,에너지공학과,박사,ES901,22,Thesis(Ph.D.),박인철,전공,일반과목,연구(Thesis),실습,매년,0.0,0.0,0.0,N,Y,,
390,에너지공학과,석사,ES904,01,Internship(M.S.),인수일,전공,일반과목,연구(Internship),실습,매년,1.0,0.0,1.0,N,Y,,
391,에너지공학과,박사,ES905,01,Internship(Ph.D.),인수일,전공,일반과목,연구(Internship),실습,매년,1.0,0.0,1.0,N,Y,,
392,에너지공학과,석사,ES906,01,Seminar(M.S.),김하석,전공,일반과목,연구(Seminar),실습,매년,1.0,0.0,1.0,N,Y,목16:30-17:30(E7 - L29),
393,에너지공학과,박사,ES907,01,Seminar(Ph.D.),김하석,전공,일반과목,연구(Seminar),실습,매년,1.0,0.0,1.0,N,Y,목16:30-17:30(E7 - L29),
394,에너지공학과,전체,ES909,01,이차전지 분석·평가 산학협력프로젝트,김운혁,전공,일반과목,연구(Seminar),실습,매년,1.0,0.0,1.0,N,Y,수16:00-17:00(E6 - 620),
395,뇌과학과,전체,BS753c,01,고급뇌과학 I,"유성운, 이성배, 김은경",전공,코어과목,교과,이론,매년,3.0,3.0,0.0,N,Y,"화10:30-12:00(E4 - 114), 목10:30-12:00(E4 - 114)",
396,뇌과학과,전체,BS754c,01,고급뇌과학 II,"오용석, 백명인, 김규형",전공,코어과목,교과,이론,매년,3.0,3.0,0.0,N,Y,"화13:30-15:00(E4 - 114), 목13:30-15:00(E4 - 114)",
397,뇌과학과,전체,BS755c,01,뇌공학,"이광, 조용철",전공,코어과목,교과,이론,매년,3.0,3.0,0.0,N,Y,수09:00-12:00(E4 - 114),
398,뇌과학과,전체,BS756c,01,인지 행동 뇌과학,"최한경, 현정호",전공,코어과목,교과,이론,매년,3.0,3.0,0.0,N,Y,"화10:30-12:00(E4 - 406), 목10:30-12:00(E4 - 406)",
399,뇌과학과,전체,BS758,01,신경퇴행 분자세포생물학,"이성배, 유성운, 김은경",전공,일반과목,교과,이론,매년,3.0,3.0,0.0,N,Y,목15:00-18:00(E4 - 406),
400,뇌과학과,전체,BS760,01,시스템 뇌과학 I,"현정호, 김규형, 오용석",전공,일반과목,교과,이론,매년,3.0,3.0,0.0,N,Y,화15:00-18:00(E4 - 406),
401,뇌과학과,전체,BS768,01,신경 발달 동향,고재원,전공,일반과목,교과,이론,매년,3.0,3.0,0.0,N,Y,화19:00-22:00(E4 - 506),
402,뇌과학과,전체,BS770,01,신경 회로 동향,서병창,전공,일반과목,교과,이론,매년,3.0,3.0,0.0,N,Y,금19:00-22:00(E4 - 506),
403,뇌과학과,전체,BS772,01,고급 뇌과학 동향,엄지원,전공,일반과목,교과,이론,매년,3.0,3.0,0.0,N,Y,목19:00-22:00(E4 - 506),
404,뇌과학과,석사,BS900a,01,Thesis(M.S.),최한경,전공,일반과목,연구(Thesis),이론및실습,매년,0.0,0.0,0.0,N,Y,,
405,뇌과학과,박사,BS901a,01,Thesis(Ph.D.),최한경,전공,일반과목,연구(Thesis),이론및실습,매년,0.0,0.0,0.0,N,Y,,
406,뇌과학과,석사,BS904,01,Internship(M.S.),유우경,전공,일반과목,연구(Internship),이론및실습,매년,1.0,0.5,0.5,N,Y,월12:00-13:00(E4 - 407),
407,뇌과학과,박사,BS905,01,Internship(Ph.D.),최한경,전공,일반과목,연구(Internship),이론및실습,매년,1.0,0.5,0.5,N,Y,금12:00-13:00(E4 - 407),
408,뇌과학과,석사,BS906,01,Seminar(M.S.),조용철,전공,일반과목,연구(Seminar),이론,매년,1.0,1.0,0.0,N,Y,수16:00-17:00(E4 - 114),
409,뇌과학과,박사,BS907,01,Seminar(Ph.D.),조용철,전공,일반과목,연구(Seminar),이론,매년,1.0,1.0,0.0,N,Y,수16:00-17:00(E4 - 114),
410,뇌과학과,학석박연계,BS908a,01,Thesis (M.S. in Combined Undergraduate-Graduate Program),최한경,전공,일반과목,연구(Thesis),이론및실습,매년,0.0,0.0,0.0,N,Y,,
411,뉴바이올로지학과,전체,NB513c,01,고급세포생물학,"우혜련, 기영훈",전공,코어과목,교과,이론,매년,3.0,3.0,0.0,N,Y,"화10:30-12:00(E4 - 606), 목10:30-12:00(E4 - 606)",
412,뉴바이올로지학과,전체,NB520,01,노화의 생물학,"우혜련, 이영삼",전공,일반과목,교과,이론,매년,3.0,3.0,0.0,N,Y,"월15:00-16:30(E4 - 606), 수15:00-16:30(E4 - 606)",
413,뉴바이올로지학과,전체,NB536,01,Bioinformatics,Felix Jonas,전공,일반과목,교과,이론,매년,3.0,3.0,0.0,N,Y,"수17:00-18:30(E4 - 606), 목17:00-18:30(E4 - 606)",
414,뉴바이올로지학과,전체,NB548,01,대사와 생리,"이영삼, 이재민",전공,일반과목,교과,이론,매년,3.0,3.0,0.0,N,Y,"월10:30-12:00(E4 - 606), 수10:30-12:00(E4 - 606)",
415,뉴바이올로지학과,전체,NB553,01,질량분석과 단백체,김민식,전공,일반과목,교과,이론,매년,3.0,3.0,0.0,N,Y,수18:30-21:30(E6 - 620),
416,뉴바이올로지학과,전체,NB558,01,고급면역학,최일규,전공,일반과목,교과,이론,매년,3.0,3.0,0.0,N,Y,월18:30-21:30(E4 - 606),
417,뉴바이올로지학과,전체,NB561,01,의생명공학특론,김민석,전공,일반과목,교과,이론,매년,3.0,3.0,0.0,N,Y,목14:00-17:00(E5 - 324),
418,뉴바이올로지학과,전체,NB569,01,화학생물학,이송이,전공,일반과목,교과,이론,매년,3.0,3.0,0.0,N,Y,"화09:00-10:30(E4 - 606), 목09:00-10:30(E4 - 606)",
419,뉴바이올로지학과,석사,NB900,01,Thesis(M.S.),곽준명,전공,일반과목,연구(Thesis),이론,매년,0.0,0.0,0.0,N,Y,,
420,뉴바이올로지학과,석사,NB900,02,Thesis(M.S.),구재형,전공,일반과목,연구(Thesis),이론,매년,0.0,0.0,0.0,N,Y,,
421,뉴바이올로지학과,석사,NB900,03,Thesis(M.S.),기영훈,전공,일반과목,연구(Thesis),이론,매년,0.0,0.0,0.0,N,Y,,
422,뉴바이올로지학과,석사,NB900,04,Thesis(M.S.),김민석,전공,일반과목,연구(Thesis),이론,매년,0.0,0.0,0.0,N,Y,,
423,뉴바이올로지학과,석사,NB900,05,Thesis(M.S.),김민식,전공,일반과목,연구(Thesis),이론,매년,0.0,0.0,0.0,N,Y,,
424,뉴바이올로지학과,석사,NB900,06,Thesis(M.S.),김유리,전공,일반과목,연구(Thesis),이론,매년,0.0,0.0,0.0,N,Y,,
425,뉴바이올로지학과,석사,NB900,07,Thesis(M.S.),김진해,전공,일반과목,연구(Thesis),이론,매년,0.0,0.0,0.0,N,Y,,
426,뉴바이올로지학과,석사,NB900,08,Thesis(M.S.),남창훈,전공,일반과목,연구(Thesis),이론,매년,0.0,0.0,0.0,N,Y,,
427,뉴바이올로지학과,석사,NB900,09,Thesis(M.S.),예경무,전공,일반과목,연구(Thesis),이론,매년,0.0,0.0,0.0,N,Y,,
428,뉴바이올로지학과,석사,NB900,10,Thesis(M.S.),우혜련,전공,일반과목,연구(Thesis),이론,매년,0.0,0.0,0.0,N,Y,,
429,뉴바이올로지학과,석사,NB900,11,Thesis(M.S.),이병훈,전공,일반과목,연구(Thesis),이론,매년,0.0,0.0,0.0,N,Y,,
430,뉴바이올로지학과,석사,NB900,12,Thesis(M.S.),이상임,전공,일반과목,연구(Thesis),이론,매년,0.0,0.0,0.0,N,Y,,
431,뉴바이올로지학과,석사,NB900,13,Thesis(M.S.),이송이,전공,일반과목,연구(Thesis),이론,매년,0.0,0.0,0.0,N,Y,,
432,뉴바이올로지학과,석사,NB900,14,Thesis(M.S.),이영삼,전공,일반과목,연구(Thesis),이론,매년,0.0,0.0,0.0,N,Y,,
433,뉴바이올로지학과,석사,NB900,15,Thesis(M.S.),이재민,전공,일반과목,연구(Thesis),이론,매년,0.0,0.0,0.0,N,Y,,
434,뉴바이올로지학과,석사,NB900,16,Thesis(M.S.),이종찬,전공,일반과목,연구(Thesis),이론,매년,0.0,0.0,0.0,N,Y,,
435,뉴바이올로지학과,석사,NB900,17,Thesis(M.S.),이창훈,전공,일반과목,연구(Thesis),이론,매년,0.0,0.0,0.0,N,Y,,
436,뉴바이올로지학과,석사,NB900,18,Thesis(M.S.),정영태,전공,일반과목,연구(Thesis),이론,매년,0.0,0.0,0.0,N,Y,,
437,뉴바이올로지학과,석사,NB900,19,Thesis(M.S.),정찬,전공,일반과목,연구(Thesis),이론,매년,0.0,0.0,0.0,N,Y,,
438,뉴바이올로지학과,석사,NB900,20,Thesis(M.S.),최일규,전공,일반과목,연구(Thesis),이론,매년,0.0,0.0,0.0,N,Y,,
439,뉴바이올로지학과,석사,NB900,21,Thesis(M.S.),Felix Jonas,전공,일반과목,연구(Thesis),이론,매년,0.0,0.0,0.0,N,Y,,
440,뉴바이올로지학과,석사,NB900,22,Thesis(M.S.),김태완,전공,일반과목,연구(Thesis),이론,매년,0.0,0.0,0.0,N,Y,,
441,뉴바이올로지학과,박사,NB901,01,Thesis(Ph.D.),곽준명,전공,일반과목,연구(Thesis),이론,매년,0.0,0.0,0.0,N,Y,,
442,뉴바이올로지학과,박사,NB901,02,Thesis(Ph.D.),구재형,전공,일반과목,연구(Thesis),이론,매년,0.0,0.0,0.0,N,Y,,
443,뉴바이올로지학과,박사,NB901,03,Thesis(Ph.D.),기영훈,전공,일반과목,연구(Thesis),이론,매년,0.0,0.0,0.0,N,Y,,
444,뉴바이올로지학과,박사,NB901,04,Thesis(Ph.D.),김민석,전공,일반과목,연구(Thesis),이론,매년,0.0,0.0,0.0,N,Y,,
445,뉴바이올로지학과,박사,NB901,05,Thesis(Ph.D.),김민식,전공,일반과목,연구(Thesis),이론,매년,0.0,0.0,0.0,N,Y,,
446,뉴바이올로지학과,박사,NB901,06,Thesis(Ph.D.),김유리,전공,일반과목,연구(Thesis),이론,매년,0.0,0.0,0.0,N,Y,,
447,뉴바이올로지학과,박사,NB901,07,Thesis(Ph.D.),김진해,전공,일반과목,연구(Thesis),이론,매년,0.0,0.0,0.0,N,Y,,
448,뉴바이올로지학과,박사,NB901,08,Thesis(Ph.D.),남창훈,전공,일반과목,연구(Thesis),이론,매년,0.0,0.0,0.0,N,Y,,
449,뉴바이올로지학과,박사,NB901,09,Thesis(Ph.D.),예경무,전공,일반과목,연구(Thesis),이론,매년,0.0,0.0,0.0,N,Y,,
450,뉴바이올로지학과,박사,NB901,10,Thesis(Ph.D.),우혜련,전공,일반과목,연구(Thesis),이론,매년,0.0,0.0,0.0,N,Y,,
451,뉴바이올로지학과,박사,NB901,11,Thesis(Ph.D.),이병훈,전공,일반과목,연구(Thesis),이론,매년,0.0,0.0,0.0,N,Y,,
452,뉴바이올로지학과,박사,NB901,12,Thesis(Ph.D.),이상임,전공,일반과목,연구(Thesis),이론,매년,0.0,0.0,0.0,N,Y,,
453,뉴바이올로지학과,박사,NB901,13,Thesis(Ph.D.),이송이,전공,일반과목,연구(Thesis),이론,매년,0.0,0.0,0.0,N,Y,,
454,뉴바이올로지학과,박사,NB901,14,Thesis(Ph.D.),이영삼,전공,일반과목,연구(Thesis),이론,매년,0.0,0.0,0.0,N,Y,,
455,뉴바이올로지학과,박사,NB901,15,Thesis(Ph.D.),이재민,전공,일반과목,연구(Thesis),이론,매년,0.0,0.0,0.0,N,Y,,
456,뉴바이올로지학과,박사,NB901,16,Thesis(Ph.D.),이종찬,전공,일반과목,연구(Thesis),이론,매년,0.0,0.0,0.0,N,Y,,
457,뉴바이올로지학과,박사,NB901,17,Thesis(Ph.D.),이창훈,전공,일반과목,연구(Thesis),이론,매년,0.0,0.0,0.0,N,Y,,
458,뉴바이올로지학과,박사,NB901,18,Thesis(Ph.D.),정영태,전공,일반과목,연구(Thesis),이론,매년,0.0,0.0,0.0,N,Y,,
459,뉴바이올로지학과,박사,NB901,19,Thesis(Ph.D.),정찬,전공,일반과목,연구(Thesis),이론,매년,0.0,0.0,0.0,N,Y,,
460,뉴바이올로지학과,박사,NB901,20,Thesis(Ph.D.),최일규,전공,일반과목,연구(Thesis),이론,매년,0.0,0.0,0.0,N,Y,,
461,뉴바이올로지학과,박사,NB901,21,Thesis(Ph.D.),Felix Jonas,전공,일반과목,연구(Thesis),이론,매년,0.0,0.0,0.0,N,Y,,
462,뉴바이올로지학과,박사,NB901,22,Thesis(Ph.D.),김태완,전공,일반과목,연구(Thesis),이론,매년,0.0,0.0,0.0,N,Y,,
463,뉴바이올로지학과,석사,NB904,01,Internship(M.S.),곽준명,전공,일반과목,연구(Internship),실습,매년,1.0,0.0,1.0,N,Y,,
464,뉴바이올로지학과,석사,NB904,02,Internship(M.S.),구재형,전공,일반과목,연구(Internship),실습,매년,1.0,0.0,1.0,N,Y,,
465,뉴바이올로지학과,석사,NB904,03,Internship(M.S.),기영훈,전공,일반과목,연구(Internship),실습,매년,1.0,0.0,1.0,N,Y,,
466,뉴바이올로지학과,석사,NB904,04,Internship(M.S.),김민석,전공,일반과목,연구(Internship),실습,매년,1.0,0.0,1.0,N,Y,,
467,뉴바이올로지학과,석사,NB904,05,Internship(M.S.),김민식,전공,일반과목,연구(Internship),실습,매년,1.0,0.0,1.0,N,Y,,
468,뉴바이올로지학과,석사,NB904,06,Internship(M.S.),김유리,전공,일반과목,연구(Internship),실습,매년,1.0,0.0,1.0,N,Y,,
469,뉴바이올로지학과,석사,NB904,07,Internship(M.S.),김진해,전공,일반과목,연구(Internship),실습,매년,1.0,0.0,1.0,N,Y,,
470,뉴바이올로지학과,석사,NB904,08,Internship(M.S.),남창훈,전공,일반과목,연구(Internship),실습,매년,1.0,0.0,1.0,N,Y,,
471,뉴바이올로지학과,석사,NB904,09,Internship(M.S.),예경무,전공,일반과목,연구(Internship),실습,매년,1.0,0.0,1.0,N,Y,,
472,뉴바이올로지학과,석사,NB904,10,Internship(M.S.),우혜련,전공,일반과목,연구(Internship),실습,매년,1.0,0.0,1.0,N,Y,,
473,뉴바이올로지학과,석사,NB904,11,Internship(M.S.),이병훈,전공,일반과목,연구(Internship),실습,매년,1.0,0.0,1.0,N,Y,,
474,뉴바이올로지학과,석사,NB904,12,Internship(M.S.),이상임,전공,일반과목,연구(Internship),실습,매년,1.0,0.0,1.0,N,Y,,
475,뉴바이올로지학과,석사,NB904,13,Internship(M.S.),이송이,전공,일반과목,연구(Internship),실습,매년,1.0,0.0,1.0,N,Y,,
476,뉴바이올로지학과,석사,NB904,14,Internship(M.S.),이영삼,전공,일반과목,연구(Internship),실습,매년,1.0,0.0,1.0,N,Y,,
477,뉴바이올로지학과,석사,NB904,15,Internship(M.S.),이재민,전공,일반과목,연구(Internship),실습,매년,1.0,0.0,1.0,N,Y,,
478,뉴바이올로지학과,석사,NB904,16,Internship(M.S.),이종찬,전공,일반과목,연구(Internship),실습,매년,1.0,0.0,1.0,N,Y,,
479,뉴바이올로지학과,석사,NB904,17,Internship(M.S.),이창훈,전공,일반과목,연구(Internship),실습,매년,1.0,0.0,1.0,N,Y,,
480,뉴바이올로지학과,석사,NB904,18,Internship(M.S.),정영태,전공,일반과목,연구(Internship),실습,매년,1.0,0.0,1.0,N,Y,,
481,뉴바이올로지학과,석사,NB904,19,Internship(M.S.),정찬,전공,일반과목,연구(Internship),실습,매년,1.0,0.0,1.0,N,Y,,
482,뉴바이올로지학과,석사,NB904,20,Internship(M.S.),최일규,전공,일반과목,연구(Internship),실습,매년,1.0,0.0,1.0,N,Y,,
483,뉴바이올로지학과,석사,NB904,21,Internship(M.S.),Felix Jonas,전공,일반과목,연구(Internship),실습,매년,1.0,0.0,1.0,N,Y,,
484,뉴바이올로지학과,석사,NB904,22,Internship(M.S.),김태완,전공,일반과목,연구(Internship),실습,매년,1.0,0.0,1.0,N,Y,,
485,뉴바이올로지학과,박사,NB905,01,Internship(Ph.D.),곽준명,전공,일반과목,연구(Internship),실습,매년,1.0,0.0,1.0,N,Y,,
486,뉴바이올로지학과,박사,NB905,02,Internship(Ph.D.),구재형,전공,일반과목,연구(Internship),실습,매년,1.0,0.0,1.0,N,Y,,
487,뉴바이올로지학과,박사,NB905,03,Internship(Ph.D.),기영훈,전공,일반과목,연구(Internship),실습,매년,1.0,0.0,1.0,N,Y,,
488,뉴바이올로지학과,박사,NB905,04,Internship(Ph.D.),김민석,전공,일반과목,연구(Internship),실습,매년,1.0,0.0,1.0,N,Y,,
489,뉴바이올로지학과,박사,NB905,05,Internship(Ph.D.),김민식,전공,일반과목,연구(Internship),실습,매년,1.0,0.0,1.0,N,Y,,
490,뉴바이올로지학과,박사,NB905,06,Internship(Ph.D.),김유리,전공,일반과목,연구(Internship),실습,매년,1.0,0.0,1.0,N,Y,,
491,뉴바이올로지학과,박사,NB905,07,Internship(Ph.D.),김진해,전공,일반과목,연구(Internship),실습,매년,1.0,0.0,1.0,N,Y,,
492,뉴바이올로지학과,박사,NB905,08,Internship(Ph.D.),남창훈,전공,일반과목,연구(Internship),실습,매년,1.0,0.0,1.0,N,Y,,
493,뉴바이올로지학과,박사,NB905,09,Internship(Ph.D.),예경무,전공,일반과목,연구(Internship),실습,매년,1.0,0.0,1.0,N,Y,,
494,뉴바이올로지학과,박사,NB905,10,Internship(Ph.D.),우혜련,전공,일반과목,연구(Internship),실습,매년,1.0,0.0,1.0,N,Y,,
495,뉴바이올로지학과,박사,NB905,11,Internship(Ph.D.),이병훈,전공,일반과목,연구(Internship),실습,매년,1.0,0.0,1.0,N,Y,,
496,뉴바이올로지학과,박사,NB905,12,Internship(Ph.D.),이상임,전공,일반과목,연구(Internship),실습,매년,1.0,0.0,1.0,N,Y,,
497,뉴바이올로지학과,박사,NB905,13,Internship(Ph.D.),이송이,전공,일반과목,연구(Internship),실습,매년,1.0,0.0,1.0,N,Y,,
498,뉴바이올로지학과,박사,NB905,14,Internship(Ph.D.),이영삼,전공,일반과목,연구(Internship),실습,매년,1.0,0.0,1.0,N,Y,,
499,뉴바이올로지학과,박사,NB905,15,Internship(Ph.D.),이재민,전공,일반과목,연구(Internship),실습,매년,1.0,0.0,1.0,N,Y,,
500,뉴바이올로지학과,박사,NB905,16,Internship(Ph.D.),이종찬,전공,일반과목,연구(Internship),실습,매년,1.0,0.0,1.0,N,Y,,
501,뉴바이올로지학과,박사,NB905,17,Internship(Ph.D.),이창훈,전공,일반과목,연구(Internship),실습,매년,1.0,0.0,1.0,N,Y,,
502,뉴바이올로지학과,박사,NB905,18,Internship(Ph.D.),정영태,전공,일반과목,연구(Internship),실습,매년,1.0,0.0,1.0,N,Y,,
503,뉴바이올로지학과,박사,NB905,19,Internship(Ph.D.),정찬,전공,일반과목,연구(Internship),실습,매년,1.0,0.0,1.0,N,Y,,
504,뉴바이올로지학과,박사,NB905,20,Internship(Ph.D.),최일규,전공,일반과목,연구(Internship),실습,매년,1.0,0.0,1.0,N,Y,,
505,뉴바이올로지학과,박사,NB905,21,Internship(Ph.D.),Felix Jonas,전공,일반과목,연구(Internship),실습,매년,1.0,0.0,1.0,N,Y,,
506,뉴바이올로지학과,박사,NB905,22,Internship(Ph.D.),김태완,전공,일반과목,연구(Internship),실습,매년,1.0,0.0,1.0,N,Y,,
507,뉴바이올로지학과,석사,NB906,01,Seminar(M.S.),김태완,전공,일반과목,연구(Seminar),이론,매년,1.0,1.0,0.0,N,Y,화16:30-17:30(E4 - 114),
508,뉴바이올로지학과,박사,NB907,01,Seminar(Ph.D.),김태완,전공,일반과목,연구(Seminar),이론,매년,1.0,1.0,0.0,N,Y,화16:30-17:30(E4 - 114),
509,융합전공,전체,IE608,01,에너지 재료 및 소자 공학 개론,"김참, 성시준, 김대환",전공,일반과목,교과,이론,매년,3.0,3.0,0.0,N,Y,수13:00-16:00(R3 - 501호),
510,융합전공,전체,IE609,01,Advanced signal system,"김상동, 이현기, 이종훈",전공,일반과목,교과,이론,매년,3.0,3.0,0.0,N,Y,화13:00-16:00(R4 - 201호),
511,융합전공,전체,IE687,01,고급줄기세포생물학,김태완,전공,일반과목,교과,이론,매년,3.0,3.0,0.0,N,Y,"화09:00-10:30(E4 - 114), 목09:00-10:30(E4 - 114)",
512,융합전공,석사,IE900,01,Thesis(M.S.),김순현,전공,일반과목,연구(Thesis),이론및실습,매년,0.0,0.0,0.0,N,Y,,
513,융합전공,석사,IE900,02,Thesis(M.S.),김동환,전공,일반과목,연구(Thesis),이론및실습,매년,0.0,0.0,0.0,N,Y,,
514,융합전공,석사,IE900,03,Thesis(M.S.),안진웅,전공,일반과목,연구(Thesis),이론및실습,매년,0.0,0.0,0.0,N,Y,,
515,융합전공,석사,IE900,04,Thesis(M.S.),정순문,전공,일반과목,연구(Thesis),이론및실습,매년,0.0,0.0,0.0,N,Y,,
516,융합전공,석사,IE900,05,Thesis(M.S.),이종훈,전공,일반과목,연구(Thesis),이론및실습,매년,0.0,0.0,0.0,N,Y,,
517,융합전공,석사,IE900,06,Thesis(M.S.),이현기,전공,일반과목,연구(Thesis),이론및실습,매년,0.0,0.0,0.0,N,Y,,
518,융합전공,석사,IE900,07,Thesis(M.S.),김상동,전공,일반과목,연구(Thesis),이론및실습,매년,0.0,0.0,0.0,N,Y,,
519,융합전공,석사,IE900,08,Thesis(M.S.),김진영,전공,일반과목,연구(Thesis),이론및실습,매년,0.0,0.0,0.0,N,Y,,
520,융합전공,석사,IE900,09,Thesis(M.S.),김참,전공,일반과목,연구(Thesis),이론및실습,매년,0.0,0.0,0.0,N,Y,,
521,융합전공,박사,IE901,01,Thesis(Ph.D.),김대환,전공,일반과목,연구(Thesis),이론및실습,매년,0.0,0.0,0.0,N,Y,,
522,융합전공,박사,IE901,02,Thesis(Ph.D.),김동환,전공,일반과목,연구(Thesis),이론및실습,매년,0.0,0.0,0.0,N,Y,,
523,융합전공,박사,IE901,03,Thesis(Ph.D.),안진웅,전공,일반과목,연구(Thesis),이론및실습,매년,0.0,0.0,0.0,N,Y,,
524,융합전공,박사,IE901,04,Thesis(Ph.D.),이종훈,전공,일반과목,연구(Thesis),이론및실습,매년,0.0,0.0,0.0,N,Y,,
525,융합전공,박사,IE901,05,Thesis(Ph.D.),이현기,전공,일반과목,연구(Thesis),이론및실습,매년,0.0,0.0,0.0,N,Y,,
526,융합전공,박사,IE901,06,Thesis(Ph.D.),임용섭,전공,일반과목,연구(Thesis),이론및실습,매년,0.0,0.0,0.0,N,Y,,
527,융합전공,박사,IE901,07,Thesis(Ph.D.),김순현,전공,일반과목,연구(Thesis),이론및실습,매년,0.0,0.0,0.0,N,Y,,
528,융합전공,박사,IE901,08,Thesis(Ph.D.),김진영,전공,일반과목,연구(Thesis),이론및실습,매년,0.0,0.0,0.0,N,Y,,
529,융합전공,석사,IE906,01,Seminar(M.S.),김현민,전공,일반과목,연구(Seminar),이론,매년,1.0,1.0,0.0,N,Y,수16:00-17:00(E1 - 303),
530,융합전공,박사,IE907,01,Seminar(Ph.D.),김현민,전공,일반과목,연구(Seminar),이론,매년,1.0,1.0,0.0,N,Y,수17:00-18:00(E1 - 303),
531,인공지능전공,석사,AI900,01,Thesis(M.S.),김가인,전공,일반과목,연구(Thesis),이론,매년,0.0,0.0,0.0,N,Y,,
532,인공지능전공,석사,AI900,02,Thesis(M.S.),김기섭,전공,일반과목,연구(Thesis),이론,매년,0.0,0.0,0.0,N,Y,,담당교원: EECS 김기섭 교수님
533,인공지능전공,석사,AI900,03,Thesis(M.S.),김기섭,전공,일반과목,연구(Thesis),이론,매년,0.0,0.0,0.0,N,Y,,담당교원: RME 김기섭 교수님
534,인공지능전공,석사,AI900,04,Thesis(M.S.),김영식,전공,일반과목,연구(Thesis),이론,매년,0.0,0.0,0.0,N,Y,,
535,인공지능전공,석사,AI900,06,Thesis(M.S.),문인규,전공,일반과목,연구(Thesis),이론,매년,0.0,0.0,0.0,N,Y,,
536,인공지능전공,석사,AI900,07,Thesis(M.S.),박경서,전공,일반과목,연구(Thesis),이론,매년,0.0,0.0,0.0,N,Y,,
537,인공지능전공,석사,AI900,08,Thesis(M.S.),박경준,전공,일반과목,연구(Thesis),이론,매년,0.0,0.0,0.0,N,Y,,
538,인공지능전공,석사,AI900,09,Thesis(M.S.),박대희,전공,일반과목,연구(Thesis),이론,매년,0.0,0.0,0.0,N,Y,,
539,인공지능전공,석사,AI900,11,Thesis(M.S.),박석호,전공,일반과목,연구(Thesis),이론,매년,0.0,0.0,0.0,N,Y,,
540,인공지능전공,석사,AI900,12,Thesis(M.S.),서대원,전공,일반과목,연구(Thesis),이론,매년,0.0,0.0,0.0,N,Y,,
541,인공지능전공,석사,AI900,13,Thesis(M.S.),소진현,전공,일반과목,연구(Thesis),이론,매년,0.0,0.0,0.0,N,Y,,
542,인공지능전공,석사,AI900,14,Thesis(M.S.),송민영,전공,일반과목,연구(Thesis),이론,매년,0.0,0.0,0.0,N,Y,,
543,인공지능전공,석사,AI900,15,Thesis(M.S.),송철,전공,일반과목,연구(Thesis),이론,매년,0.0,0.0,0.0,N,Y,,
544,인공지능전공,석사,AI900,16,Thesis(M.S.),오세훈,전공,일반과목,연구(Thesis),이론,매년,0.0,0.0,0.0,N,Y,,
545,인공지능전공,석사,AI900,17,Thesis(M.S.),유재석,전공,일반과목,연구(Thesis),이론,매년,0.0,0.0,0.0,N,Y,,
546,인공지능전공,석사,AI900,18,Thesis(M.S.),윤동원,전공,일반과목,연구(Thesis),이론,매년,0.0,0.0,0.0,N,Y,,
547,인공지능전공,석사,AI900,19,Thesis(M.S.),윤종혁,전공,일반과목,연구(Thesis),이론,매년,0.0,0.0,0.0,N,Y,,
548,인공지능전공,석사,AI900,20,Thesis(M.S.),은용순,전공,일반과목,연구(Thesis),이론,매년,0.0,0.0,0.0,N,Y,,
549,인공지능전공,석사,AI900,21,Thesis(M.S.),이경태,전공,일반과목,연구(Thesis),이론,매년,0.0,0.0,0.0,N,Y,,
550,인공지능전공,석사,AI900,22,Thesis(M.S.),이상철,전공,일반과목,연구(Thesis),이론,매년,0.0,0.0,0.0,N,Y,,
551,인공지능전공,석사,AI900,23,Thesis(M.S.),이용우,전공,일반과목,연구(Thesis),이론,매년,0.0,0.0,0.0,N,Y,,
552,인공지능전공,석사,AI900,24,Thesis(M.S.),임성훈,전공,일반과목,연구(Thesis),이론,매년,0.0,0.0,0.0,N,Y,,
553,인공지능전공,석사,AI900,25,Thesis(M.S.),임용섭,전공,일반과목,연구(Thesis),이론,매년,0.0,0.0,0.0,N,Y,,
554,인공지능전공,석사,AI900,26,Thesis(M.S.),장경인,전공,일반과목,연구(Thesis),이론,매년,0.0,0.0,0.0,N,Y,,
555,인공지능전공,석사,AI900,27,Thesis(M.S.),장진호,전공,일반과목,연구(Thesis),이론,매년,0.0,0.0,0.0,N,Y,,
556,인공지능전공,석사,AI900,28,Thesis(M.S.),좌훈승,전공,일반과목,연구(Thesis),이론,매년,0.0,0.0,0.0,N,Y,,
557,인공지능전공,석사,AI900,29,Thesis(M.S.),최재호,전공,일반과목,연구(Thesis),이론,매년,0.0,0.0,0.0,N,Y,,
558,인공지능전공,석사,AI900,30,Thesis(M.S.),최지웅,전공,일반과목,연구(Thesis),이론,매년,0.0,0.0,0.0,N,Y,,
559,인공지능전공,석사,AI900,31,Thesis(M.S.),황재윤,전공,일반과목,연구(Thesis),이론,매년,0.0,0.0,0.0,N,Y,,
560,인공지능전공,박사,AI901,01,Thesis(Ph.D.),김가인,전공,일반과목,연구(Thesis),이론,매년,0.0,0.0,0.0,N,Y,,
561,인공지능전공,박사,AI901,02,Thesis(Ph.D.),김기섭,전공,일반과목,연구(Thesis),이론,매년,0.0,0.0,0.0,N,Y,,담당교원: EECS 김기섭 교수님
562,인공지능전공,박사,AI901,03,Thesis(Ph.D.),김기섭,전공,일반과목,연구(Thesis),이론,매년,0.0,0.0,0.0,N,Y,,담당교원: RME 김기섭 교수님
563,인공지능전공,박사,AI901,04,Thesis(Ph.D.),김영식,전공,일반과목,연구(Thesis),이론,매년,0.0,0.0,0.0,N,Y,,
564,인공지능전공,박사,AI901,06,Thesis(Ph.D.),문인규,전공,일반과목,연구(Thesis),이론,매년,0.0,0.0,0.0,N,Y,,
565,인공지능전공,박사,AI901,07,Thesis(Ph.D.),박경서,전공,일반과목,연구(Thesis),이론,매년,0.0,0.0,0.0,N,Y,,
566,인공지능전공,박사,AI901,08,Thesis(Ph.D.),박경준,전공,일반과목,연구(Thesis),이론,매년,0.0,0.0,0.0,N,Y,,
567,인공지능전공,박사,AI901,09,Thesis(Ph.D.),박대희,전공,일반과목,연구(Thesis),이론,매년,0.0,0.0,0.0,N,Y,,
568,인공지능전공,박사,AI901,11,Thesis(Ph.D.),박석호,전공,일반과목,연구(Thesis),이론,매년,0.0,0.0,0.0,N,Y,,
569,인공지능전공,박사,AI901,12,Thesis(Ph.D.),서대원,전공,일반과목,연구(Thesis),이론,매년,0.0,0.0,0.0,N,Y,,
570,인공지능전공,박사,AI901,13,Thesis(Ph.D.),소진현,전공,일반과목,연구(Thesis),이론,매년,0.0,0.0,0.0,N,Y,,
571,인공지능전공,박사,AI901,14,Thesis(Ph.D.),송민영,전공,일반과목,연구(Thesis),이론,매년,0.0,0.0,0.0,N,Y,,
572,인공지능전공,박사,AI901,15,Thesis(Ph.D.),송철,전공,일반과목,연구(Thesis),이론,매년,0.0,0.0,0.0,N,Y,,
573,인공지능전공,박사,AI901,16,Thesis(Ph.D.),오세훈,전공,일반과목,연구(Thesis),이론,매년,0.0,0.0,0.0,N,Y,,
574,인공지능전공,박사,AI901,17,Thesis(Ph.D.),유재석,전공,일반과목,연구(Thesis),이론,매년,0.0,0.0,0.0,N,Y,,
575,인공지능전공,박사,AI901,18,Thesis(Ph.D.),윤동원,전공,일반과목,연구(Thesis),이론,매년,0.0,0.0,0.0,N,Y,,
576,인공지능전공,박사,AI901,19,Thesis(Ph.D.),윤종혁,전공,일반과목,연구(Thesis),이론,매년,0.0,0.0,0.0,N,Y,,
577,인공지능전공,박사,AI901,20,Thesis(Ph.D.),은용순,전공,일반과목,연구(Thesis),이론,매년,0.0,0.0,0.0,N,Y,,
578,인공지능전공,박사,AI901,21,Thesis(Ph.D.),이경태,전공,일반과목,연구(Thesis),이론,매년,0.0,0.0,0.0,N,Y,,
579,인공지능전공,박사,AI901,22,Thesis(Ph.D.),이상철,전공,일반과목,연구(Thesis),이론,매년,0.0,0.0,0.0,N,Y,,
580,인공지능전공,박사,AI901,23,Thesis(Ph.D.),이용우,전공,일반과목,연구(Thesis),이론,매년,0.0,0.0,0.0,N,Y,,
581,인공지능전공,박사,AI901,24,Thesis(Ph.D.),임성훈,전공,일반과목,연구(Thesis),이론,매년,0.0,0.0,0.0,N,Y,,
582,인공지능전공,박사,AI901,25,Thesis(Ph.D.),임용섭,전공,일반과목,연구(Thesis),이론,매년,0.0,0.0,0.0,N,Y,,
583,인공지능전공,박사,AI901,26,Thesis(Ph.D.),장경인,전공,일반과목,연구(Thesis),이론,매년,0.0,0.0,0.0,N,Y,,
584,인공지능전공,박사,AI901,27,Thesis(Ph.D.),장진호,전공,일반과목,연구(Thesis),이론,매년,0.0,0.0,0.0,N,Y,,
585,인공지능전공,박사,AI901,28,Thesis(Ph.D.),좌훈승,전공,일반과목,연구(Thesis),이론,매년,0.0,0.0,0.0,N,Y,,
586,인공지능전공,박사,AI901,29,Thesis(Ph.D.),최재호,전공,일반과목,연구(Thesis),이론,매년,0.0,0.0,0.0,N,Y,,
587,인공지능전공,박사,AI901,30,Thesis(Ph.D.),최지웅,전공,일반과목,연구(Thesis),이론,매년,0.0,0.0,0.0,N,Y,,
588,인공지능전공,박사,AI901,31,Thesis(Ph.D.),황재윤,전공,일반과목,연구(Thesis),이론,매년,0.0,0.0,0.0,N,Y,,
589,인공지능전공,석사,AI904,01,인턴쉽(M.S.),김가인,전공,일반과목,연구(Internship),실습,매년,1.0,0.0,1.0,N,Y,,
590,인공지능전공,석사,AI904,02,인턴쉽(M.S.),김기섭,전공,일반과목,연구(Internship),실습,매년,1.0,0.0,1.0,N,Y,,담당교원: EECS 김기섭 교수님
591,인공지능전공,석사,AI904,03,인턴쉽(M.S.),김기섭,전공,일반과목,연구(Internship),실습,매년,1.0,0.0,1.0,N,Y,,담당교원: RME 김기섭 교수님
592,인공지능전공,석사,AI904,04,인턴쉽(M.S.),김영식,전공,일반과목,연구(Internship),실습,매년,1.0,0.0,1.0,N,Y,,
593,인공지능전공,석사,AI904,06,인턴쉽(M.S.),문인규,전공,일반과목,연구(Internship),실습,매년,1.0,0.0,1.0,N,Y,,
594,인공지능전공,석사,AI904,07,인턴쉽(M.S.),박경서,전공,일반과목,연구(Internship),실습,매년,1.0,0.0,1.0,N,Y,,
595,인공지능전공,석사,AI904,08,인턴쉽(M.S.),박경준,전공,일반과목,연구(Internship),실습,매년,1.0,0.0,1.0,N,Y,,
596,인공지능전공,석사,AI904,09,인턴쉽(M.S.),박대희,전공,일반과목,연구(Internship),실습,매년,1.0,0.0,1.0,N,Y,,
597,인공지능전공,석사,AI904,11,인턴쉽(M.S.),박석호,전공,일반과목,연구(Internship),실습,매년,1.0,0.0,1.0,N,Y,,
598,인공지능전공,석사,AI904,12,인턴쉽(M.S.),서대원,전공,일반과목,연구(Internship),실습,매년,1.0,0.0,1.0,N,Y,,
599,인공지능전공,석사,AI904,13,인턴쉽(M.S.),소진현,전공,일반과목,연구(Internship),실습,매년,1.0,0.0,1.0,N,Y,,
600,인공지능전공,석사,AI904,14,인턴쉽(M.S.),송민영,전공,일반과목,연구(Internship),실습,매년,1.0,0.0,1.0,N,Y,,
601,인공지능전공,석사,AI904,15,인턴쉽(M.S.),송철,전공,일반과목,연구(Internship),실습,매년,1.0,0.0,1.0,N,Y,,
602,인공지능전공,석사,AI904,16,인턴쉽(M.S.),오세훈,전공,일반과목,연구(Internship),실습,매년,1.0,0.0,1.0,N,Y,,
603,인공지능전공,석사,AI904,17,인턴쉽(M.S.),유재석,전공,일반과목,연구(Internship),실습,매년,1.0,0.0,1.0,N,Y,,
604,인공지능전공,석사,AI904,18,인턴쉽(M.S.),윤동원,전공,일반과목,연구(Internship),실습,매년,1.0,0.0,1.0,N,Y,,
605,인공지능전공,석사,AI904,19,인턴쉽(M.S.),윤종혁,전공,일반과목,연구(Internship),실습,매년,1.0,0.0,1.0,N,Y,,
606,인공지능전공,석사,AI904,20,인턴쉽(M.S.),은용순,전공,일반과목,연구(Internship),실습,매년,1.0,0.0,1.0,N,Y,,
607,인공지능전공,석사,AI904,21,인턴쉽(M.S.),이경태,전공,일반과목,연구(Internship),실습,매년,1.0,0.0,1.0,N,Y,,
608,인공지능전공,석사,AI904,22,인턴쉽(M.S.),이상철,전공,일반과목,연구(Internship),실습,매년,1.0,0.0,1.0,N,Y,,
609,인공지능전공,석사,AI904,23,인턴쉽(M.S.),이용우,전공,일반과목,연구(Internship),실습,매년,1.0,0.0,1.0,N,Y,,
610,인공지능전공,석사,AI904,24,인턴쉽(M.S.),임성훈,전공,일반과목,연구(Internship),실습,매년,1.0,0.0,1.0,N,Y,,
611,인공지능전공,석사,AI904,25,인턴쉽(M.S.),임용섭,전공,일반과목,연구(Internship),실습,매년,1.0,0.0,1.0,N,Y,,
612,인공지능전공,석사,AI904,26,인턴쉽(M.S.),장경인,전공,일반과목,연구(Internship),실습,매년,1.0,0.0,1.0,N,Y,,
613,인공지능전공,석사,AI904,27,인턴쉽(M.S.),장진호,전공,일반과목,연구(Internship),실습,매년,1.0,0.0,1.0,N,Y,,
614,인공지능전공,석사,AI904,28,인턴쉽(M.S.),좌훈승,전공,일반과목,연구(Internship),실습,매년,1.0,0.0,1.0,N,Y,,
615,인공지능전공,석사,AI904,29,인턴쉽(M.S.),최재호,전공,일반과목,연구(Internship),실습,매년,1.0,0.0,1.0,N,Y,,
616,인공지능전공,석사,AI904,30,인턴쉽(M.S.),최지웅,전공,일반과목,연구(Internship),실습,매년,1.0,0.0,1.0,N,Y,,
617,인공지능전공,석사,AI904,31,인턴쉽(M.S.),황재윤,전공,일반과목,연구(Internship),실습,매년,1.0,0.0,1.0,N,Y,,
618,인공지능전공,박사,AI905,01,산학인턴쉽(Ph.D.),김가인,전공,일반과목,연구(Internship),실습,매년,1.0,0.0,1.0,N,Y,,
619,인공지능전공,박사,AI905,02,산학인턴쉽(Ph.D.),김기섭,전공,일반과목,연구(Internship),실습,매년,1.0,0.0,1.0,N,Y,,담당교원: EECS 김기섭 교수님
620,인공지능전공,박사,AI905,03,산학인턴쉽(Ph.D.),김기섭,전공,일반과목,연구(Internship),실습,매년,1.0,0.0,1.0,N,Y,,담당교원: RME 김기섭 교수님
621,인공지능전공,박사,AI905,04,산학인턴쉽(Ph.D.),김영식,전공,일반과목,연구(Internship),실습,매년,1.0,0.0,1.0,N,Y,,
622,인공지능전공,박사,AI905,06,산학인턴쉽(Ph.D.),문인규,전공,일반과목,연구(Internship),실습,매년,1.0,0.0,1.0,N,Y,,
623,인공지능전공,박사,AI905,07,산학인턴쉽(Ph.D.),박경서,전공,일반과목,연구(Internship),실습,매년,1.0,0.0,1.0,N,Y,,
624,인공지능전공,박사,AI905,08,산학인턴쉽(Ph.D.),박경준,전공,일반과목,연구(Internship),실습,매년,1.0,0.0,1.0,N,Y,,
625,인공지능전공,박사,AI905,09,산학인턴쉽(Ph.D.),박대희,전공,일반과목,연구(Internship),실습,매년,1.0,0.0,1.0,N,Y,,
626,인공지능전공,박사,AI905,11,산학인턴쉽(Ph.D.),박석호,전공,일반과목,연구(Internship),실습,매년,1.0,0.0,1.0,N,Y,,
627,인공지능전공,박사,AI905,12,산학인턴쉽(Ph.D.),서대원,전공,일반과목,연구(Internship),실습,매년,1.0,0.0,1.0,N,Y,,
628,인공지능전공,박사,AI905,13,산학인턴쉽(Ph.D.),소진현,전공,일반과목,연구(Internship),실습,매년,1.0,0.0,1.0,N,Y,,
629,인공지능전공,박사,AI905,14,산학인턴쉽(Ph.D.),송민영,전공,일반과목,연구(Internship),실습,매년,1.0,0.0,1.0,N,Y,,
630,인공지능전공,박사,AI905,15,산학인턴쉽(Ph.D.),송철,전공,일반과목,연구(Internship),실습,매년,1.0,0.0,1.0,N,Y,,
631,인공지능전공,박사,AI905,16,산학인턴쉽(Ph.D.),오세훈,전공,일반과목,연구(Internship),실습,매년,1.0,0.0,1.0,N,Y,,
632,인공지능전공,박사,AI905,17,산학인턴쉽(Ph.D.),유재석,전공,일반과목,연구(Internship),실습,매년,1.0,0.0,1.0,N,Y,,
633,인공지능전공,박사,AI905,18,산학인턴쉽(Ph.D.),윤동원,전공,일반과목,연구(Internship),실습,매년,1.0,0.0,1.0,N,Y,,
634,인공지능전공,박사,AI905,19,산학인턴쉽(Ph.D.),윤종혁,전공,일반과목,연구(Internship),실습,매년,1.0,0.0,1.0,N,Y,,
635,인공지능전공,박사,AI905,20,산학인턴쉽(Ph.D.),은용순,전공,일반과목,연구(Internship),실습,매년,1.0,0.0,1.0,N,Y,,
636,인공지능전공,박사,AI905,21,산학인턴쉽(Ph.D.),이경태,전공,일반과목,연구(Internship),실습,매년,1.0,0.0,1.0,N,Y,,
637,인공지능전공,박사,AI905,22,산학인턴쉽(Ph.D.),이상철,전공,일반과목,연구(Internship),실습,매년,1.0,0.0,1.0,N,Y,,
638,인공지능전공,박사,AI905,23,산학인턴쉽(Ph.D.),이용우,전공,일반과목,연구(Internship),실습,매년,1.0,0.0,1.0,N,Y,,
639,인공지능전공,박사,AI905,24,산학인턴쉽(Ph.D.),임성훈,전공,일반과목,연구(Internship),실습,매년,1.0,0.0,1.0,N,Y,,
640,인공지능전공,박사,AI905,25,산학인턴쉽(Ph.D.),임용섭,전공,일반과목,연구(Internship),실습,매년,1.0,0.0,1.0,N,Y,,
641,인공지능전공,박사,AI905,26,산학인턴쉽(Ph.D.),장경인,전공,일반과목,연구(Internship),실습,매년,1.0,0.0,1.0,N,Y,,
642,인공지능전공,박사,AI905,27,산학인턴쉽(Ph.D.),장진호,전공,일반과목,연구(Internship),실습,매년,1.0,0.0,1.0,N,Y,,
643,인공지능전공,박사,AI905,28,산학인턴쉽(Ph.D.),좌훈승,전공,일반과목,연구(Internship),실습,매년,1.0,0.0,1.0,N,Y,,
644,인공지능전공,박사,AI905,29,산학인턴쉽(Ph.D.),최재호,전공,일반과목,연구(Internship),실습,매년,1.0,0.0,1.0,N,Y,,
645,인공지능전공,박사,AI905,30,산학인턴쉽(Ph.D.),최지웅,전공,일반과목,연구(Internship),실습,매년,1.0,0.0,1.0,N,Y,,
646,인공지능전공,박사,AI905,31,산학인턴쉽(Ph.D.),황재윤,전공,일반과목,연구(Internship),실습,매년,1.0,0.0,1.0,N,Y,,
647,인공지능전공,석사,AI906,01,인공지능 콜로퀴엄(M.S.),김영식,전공,일반과목,연구(Seminar),이론,매년,1.0,1.0,0.0,N,Y,화16:30-17:30(E3 - 112),
648,인공지능전공,박사,AI907,01,인공지능 콜로퀴엄(Ph.D.),김영식,전공,일반과목,연구(Seminar),이론,매년,1.0,1.0,0.0,N,Y,화17:00-18:00(E3 - 112),
649,의생명공학전공,전체,BM501c,01,세포 생물학,"이창훈, 이재민, 김태완, 오용석",전공,코어과목,교과,이론,매년,3.0,3.0,0.0,N,Y,"화13:00-14:30(E4 - 306), 목13:00-14:30(E4 - 306)",
650,의생명공학전공,전체,BM504c,01,의생명공학 개론,"이상훈, 이경태, 유재석, 이성원",전공,코어과목,교과,이론,매년,3.0,3.0,0.0,N,Y,수09:00-12:00(E3 - 113),
651,의생명공학전공,전체,BM621,01,의료영상학,황재윤,전공,일반과목,교과,이론,매년,3.0,3.0,0.0,N,Y,"화13:30-15:00(E7 - G01), 수13:30-15:00(E7 - G01)",
652,의생명공학전공,전체,BM900,01,의생명공학 윤리,구재형,전공,일반과목,연구(Thesis),이론,매년,1.0,1.0,0.0,N,Y,,
653,의생명공학전공,전체,BM900,02,의생명공학 윤리,김가인,전공,일반과목,연구(Thesis),이론,매년,1.0,1.0,0.0,N,Y,,
654,의생명공학전공,전체,BM900,03,의생명공학 윤리,김소희,전공,일반과목,연구(Thesis),이론,매년,1.0,1.0,0.0,N,Y,,
655,의생명공학전공,전체,BM900,04,의생명공학 윤리,김태완,전공,일반과목,연구(Thesis),이론,매년,1.0,1.0,0.0,N,Y,,
656,의생명공학전공,전체,BM900,05,의생명공학 윤리,김회준,전공,일반과목,연구(Thesis),이론,매년,1.0,1.0,0.0,N,Y,,
657,의생명공학전공,전체,BM900,06,의생명공학 윤리,남창훈,전공,일반과목,연구(Thesis),이론,매년,1.0,1.0,0.0,N,Y,,
658,의생명공학전공,전체,BM900,07,의생명공학 윤리,박경서,전공,일반과목,연구(Thesis),이론,매년,1.0,1.0,0.0,N,Y,,
659,의생명공학전공,전체,BM900,08,의생명공학 윤리,박석호,전공,일반과목,연구(Thesis),이론,매년,1.0,1.0,0.0,N,Y,,
660,의생명공학전공,전체,BM900,09,의생명공학 윤리,서병창,전공,일반과목,연구(Thesis),이론,매년,1.0,1.0,0.0,N,Y,,
661,의생명공학전공,전체,BM900,10,의생명공학 윤리,송민영,전공,일반과목,연구(Thesis),이론,매년,1.0,1.0,0.0,N,Y,,
662,의생명공학전공,전체,BM900,11,의생명공학 윤리,송철,전공,일반과목,연구(Thesis),이론,매년,1.0,1.0,0.0,N,Y,,
663,의생명공학전공,전체,BM900,12,의생명공학 윤리,오용석,전공,일반과목,연구(Thesis),이론,매년,1.0,1.0,0.0,N,Y,,
664,의생명공학전공,전체,BM900,13,의생명공학 윤리,유재석,전공,일반과목,연구(Thesis),이론,매년,1.0,1.0,0.0,N,Y,,
665,의생명공학전공,전체,BM900,14,의생명공학 윤리,윤동원,전공,일반과목,연구(Thesis),이론,매년,1.0,1.0,0.0,N,Y,,
666,의생명공학전공,전체,BM900,15,의생명공학 윤리,이경태,전공,일반과목,연구(Thesis),이론,매년,1.0,1.0,0.0,N,Y,,
667,의생명공학전공,전체,BM900,16,의생명공학 윤리,이기준,전공,일반과목,연구(Thesis),이론,매년,1.0,1.0,0.0,N,Y,,
668,의생명공학전공,전체,BM900,17,의생명공학 윤리,이병권,전공,일반과목,연구(Thesis),이론,매년,1.0,1.0,0.0,N,Y,,
669,의생명공학전공,전체,BM900,18,의생명공학 윤리,이상훈,전공,일반과목,연구(Thesis),이론,매년,1.0,1.0,0.0,N,Y,,
670,의생명공학전공,전체,BM900,19,의생명공학 윤리,이성배,전공,일반과목,연구(Thesis),이론,매년,1.0,1.0,0.0,N,Y,,
671,의생명공학전공,전체,BM900,20,의생명공학 윤리,이성원,전공,일반과목,연구(Thesis),이론,매년,1.0,1.0,0.0,N,Y,,
672,의생명공학전공,전체,BM900,21,의생명공학 윤리,이신범,전공,일반과목,연구(Thesis),이론,매년,1.0,1.0,0.0,N,Y,,
673,의생명공학전공,전체,BM900,22,의생명공학 윤리,이영삼,전공,일반과목,연구(Thesis),이론,매년,1.0,1.0,0.0,N,Y,,
674,의생명공학전공,전체,BM900,23,의생명공학 윤리,이옥균,전공,일반과목,연구(Thesis),이론,매년,1.0,1.0,0.0,N,Y,,
675,의생명공학전공,전체,BM900,24,의생명공학 윤리,이재민,전공,일반과목,연구(Thesis),이론,매년,1.0,1.0,0.0,N,Y,,
676,의생명공학전공,전체,BM900,25,의생명공학 윤리,이재홍,전공,일반과목,연구(Thesis),이론,매년,1.0,1.0,0.0,N,Y,,
677,의생명공학전공,전체,BM900,26,의생명공학 윤리,이정협,전공,일반과목,연구(Thesis),이론,매년,1.0,1.0,0.0,N,Y,,
678,의생명공학전공,전체,BM900,27,의생명공학 윤리,이종찬,전공,일반과목,연구(Thesis),이론,매년,1.0,1.0,0.0,N,Y,,
679,의생명공학전공,전체,BM900,28,의생명공학 윤리,이창훈,전공,일반과목,연구(Thesis),이론,매년,1.0,1.0,0.0,N,Y,,
680,의생명공학전공,전체,BM900,29,의생명공학 윤리,장경인,전공,일반과목,연구(Thesis),이론,매년,1.0,1.0,0.0,N,Y,,
681,의생명공학전공,전체,BM900,30,의생명공학 윤리,장진호,전공,일반과목,연구(Thesis),이론,매년,1.0,1.0,0.0,N,Y,,
682,의생명공학전공,전체,BM900,31,의생명공학 윤리,정영태,전공,일반과목,연구(Thesis),이론,매년,1.0,1.0,0.0,N,Y,,
683,의생명공학전공,전체,BM900,32,의생명공학 윤리,정찬,전공,일반과목,연구(Thesis),이론,매년,1.0,1.0,0.0,N,Y,,
684,의생명공학전공,전체,BM900,33,의생명공학 윤리,최지웅,전공,일반과목,연구(Thesis),이론,매년,1.0,1.0,0.0,N,Y,,
685,의생명공학전공,전체,BM900,34,의생명공학 윤리,현정호,전공,일반과목,연구(Thesis),이론,매년,1.0,1.0,0.0,N,Y,,
686,의생명공학전공,전체,BM900,35,의생명공학 윤리,황재윤,전공,일반과목,연구(Thesis),이론,매년,1.0,1.0,0.0,N,Y,,
687,의생명공학전공,석사,BM901,01,Thesis(M.S.),구재형,전공,일반과목,연구(Thesis),이론및실습,매년,0.0,0.0,0.0,N,Y,,
688,의생명공학전공,석사,BM901,02,Thesis(M.S.),김가인,전공,일반과목,연구(Thesis),이론및실습,매년,0.0,0.0,0.0,N,Y,,
689,의생명공학전공,석사,BM901,03,Thesis(M.S.),김소희,전공,일반과목,연구(Thesis),이론및실습,매년,0.0,0.0,0.0,N,Y,,
690,의생명공학전공,석사,BM901,04,Thesis(M.S.),김태완,전공,일반과목,연구(Thesis),이론및실습,매년,0.0,0.0,0.0,N,Y,,
691,의생명공학전공,석사,BM901,05,Thesis(M.S.),김회준,전공,일반과목,연구(Thesis),이론및실습,매년,0.0,0.0,0.0,N,Y,,
692,의생명공학전공,석사,BM901,06,Thesis(M.S.),남창훈,전공,일반과목,연구(Thesis),이론및실습,매년,0.0,0.0,0.0,N,Y,,
693,의생명공학전공,석사,BM901,07,Thesis(M.S.),박경서,전공,일반과목,연구(Thesis),이론및실습,매년,0.0,0.0,0.0,N,Y,,
694,의생명공학전공,석사,BM901,08,Thesis(M.S.),박석호,전공,일반과목,연구(Thesis),이론및실습,매년,0.0,0.0,0.0,N,Y,,
695,의생명공학전공,석사,BM901,09,Thesis(M.S.),서병창,전공,일반과목,연구(Thesis),이론및실습,매년,0.0,0.0,0.0,N,Y,,
696,의생명공학전공,석사,BM901,10,Thesis(M.S.),송민영,전공,일반과목,연구(Thesis),이론및실습,매년,0.0,0.0,0.0,N,Y,,
697,의생명공학전공,석사,BM901,11,Thesis(M.S.),송철,전공,일반과목,연구(Thesis),이론및실습,매년,0.0,0.0,0.0,N,Y,,
698,의생명공학전공,석사,BM901,12,Thesis(M.S.),오용석,전공,일반과목,연구(Thesis),이론및실습,매년,0.0,0.0,0.0,N,Y,,
699,의생명공학전공,석사,BM901,13,Thesis(M.S.),유재석,전공,일반과목,연구(Thesis),이론및실습,매년,0.0,0.0,0.0,N,Y,,
700,의생명공학전공,석사,BM901,14,Thesis(M.S.),윤동원,전공,일반과목,연구(Thesis),이론및실습,매년,0.0,0.0,0.0,N,Y,,
701,의생명공학전공,석사,BM901,15,Thesis(M.S.),이경태,전공,일반과목,연구(Thesis),이론및실습,매년,0.0,0.0,0.0,N,Y,,
702,의생명공학전공,석사,BM901,16,Thesis(M.S.),이기준,전공,일반과목,연구(Thesis),이론및실습,매년,0.0,0.0,0.0,N,Y,,
703,의생명공학전공,석사,BM901,17,Thesis(M.S.),이병권,전공,일반과목,연구(Thesis),이론및실습,매년,0.0,0.0,0.0,N,Y,,
704,의생명공학전공,석사,BM901,18,Thesis(M.S.),이상훈,전공,일반과목,연구(Thesis),이론및실습,매년,0.0,0.0,0.0,N,Y,,
705,의생명공학전공,석사,BM901,19,Thesis(M.S.),이성배,전공,일반과목,연구(Thesis),이론및실습,매년,0.0,0.0,0.0,N,Y,,
706,의생명공학전공,석사,BM901,20,Thesis(M.S.),이성원,전공,일반과목,연구(Thesis),이론및실습,매년,0.0,0.0,0.0,N,Y,,
707,의생명공학전공,석사,BM901,21,Thesis(M.S.),이신범,전공,일반과목,연구(Thesis),이론및실습,매년,0.0,0.0,0.0,N,Y,,
708,의생명공학전공,석사,BM901,22,Thesis(M.S.),이영삼,전공,일반과목,연구(Thesis),이론및실습,매년,0.0,0.0,0.0,N,Y,,
709,의생명공학전공,석사,BM901,23,Thesis(M.S.),이옥균,전공,일반과목,연구(Thesis),이론및실습,매년,0.0,0.0,0.0,N,Y,,
710,의생명공학전공,석사,BM901,24,Thesis(M.S.),이재민,전공,일반과목,연구(Thesis),이론및실습,매년,0.0,0.0,0.0,N,Y,,
711,의생명공학전공,석사,BM901,25,Thesis(M.S.),이재홍,전공,일반과목,연구(Thesis),이론및실습,매년,0.0,0.0,0.0,N,Y,,
712,의생명공학전공,석사,BM901,26,Thesis(M.S.),이정협,전공,일반과목,연구(Thesis),이론및실습,매년,0.0,0.0,0.0,N,Y,,
713,의생명공학전공,석사,BM901,27,Thesis(M.S.),이종찬,전공,일반과목,연구(Thesis),이론및실습,매년,0.0,0.0,0.0,N,Y,,
714,의생명공학전공,석사,BM901,28,Thesis(M.S.),이창훈,전공,일반과목,연구(Thesis),이론및실습,매년,0.0,0.0,0.0,N,Y,,
715,의생명공학전공,석사,BM901,29,Thesis(M.S.),장경인,전공,일반과목,연구(Thesis),이론및실습,매년,0.0,0.0,0.0,N,Y,,
716,의생명공학전공,석사,BM901,30,Thesis(M.S.),장진호,전공,일반과목,연구(Thesis),이론및실습,매년,0.0,0.0,0.0,N,Y,,
717,의생명공학전공,석사,BM901,31,Thesis(M.S.),정영태,전공,일반과목,연구(Thesis),이론및실습,매년,0.0,0.0,0.0,N,Y,,
718,의생명공학전공,석사,BM901,32,Thesis(M.S.),정찬,전공,일반과목,연구(Thesis),이론및실습,매년,0.0,0.0,0.0,N,Y,,
719,의생명공학전공,석사,BM901,33,Thesis(M.S.),최지웅,전공,일반과목,연구(Thesis),이론및실습,매년,0.0,0.0,0.0,N,Y,,
720,의생명공학전공,석사,BM901,34,Thesis(M.S.),현정호,전공,일반과목,연구(Thesis),이론및실습,매년,0.0,0.0,0.0,N,Y,,
721,의생명공학전공,석사,BM901,35,Thesis(M.S.),황재윤,전공,일반과목,연구(Thesis),이론및실습,매년,0.0,0.0,0.0,N,Y,,
722,의생명공학전공,박사,BM902,01,Thesis(Ph.D.),구재형,전공,일반과목,연구(Thesis),이론및실습,매년,0.0,0.0,0.0,N,Y,,
723,의생명공학전공,박사,BM902,02,Thesis(Ph.D.),김가인,전공,일반과목,연구(Thesis),이론및실습,매년,0.0,0.0,0.0,N,Y,,
724,의생명공학전공,박사,BM902,03,Thesis(Ph.D.),김소희,전공,일반과목,연구(Thesis),이론및실습,매년,0.0,0.0,0.0,N,Y,,
725,의생명공학전공,박사,BM902,04,Thesis(Ph.D.),김태완,전공,일반과목,연구(Thesis),이론및실습,매년,0.0,0.0,0.0,N,Y,,
726,의생명공학전공,박사,BM902,05,Thesis(Ph.D.),김회준,전공,일반과목,연구(Thesis),이론및실습,매년,0.0,0.0,0.0,N,Y,,
727,의생명공학전공,박사,BM902,06,Thesis(Ph.D.),남창훈,전공,일반과목,연구(Thesis),이론및실습,매년,0.0,0.0,0.0,N,Y,,
728,의생명공학전공,박사,BM902,07,Thesis(Ph.D.),박경서,전공,일반과목,연구(Thesis),이론및실습,매년,0.0,0.0,0.0,N,Y,,
729,의생명공학전공,박사,BM902,08,Thesis(Ph.D.),박석호,전공,일반과목,연구(Thesis),이론및실습,매년,0.0,0.0,0.0,N,Y,,
730,의생명공학전공,박사,BM902,09,Thesis(Ph.D.),서병창,전공,일반과목,연구(Thesis),이론및실습,매년,0.0,0.0,0.0,N,Y,,
731,의생명공학전공,박사,BM902,10,Thesis(Ph.D.),송민영,전공,일반과목,연구(Thesis),이론및실습,매년,0.0,0.0,0.0,N,Y,,
732,의생명공학전공,박사,BM902,11,Thesis(Ph.D.),송철,전공,일반과목,연구(Thesis),이론및실습,매년,0.0,0.0,0.0,N,Y,,
733,의생명공학전공,박사,BM902,12,Thesis(Ph.D.),오용석,전공,일반과목,연구(Thesis),이론및실습,매년,0.0,0.0,0.0,N,Y,,
734,의생명공학전공,박사,BM902,13,Thesis(Ph.D.),유재석,전공,일반과목,연구(Thesis),이론및실습,매년,0.0,0.0,0.0,N,Y,,
735,의생명공학전공,박사,BM902,14,Thesis(Ph.D.),윤동원,전공,일반과목,연구(Thesis),이론및실습,매년,0.0,0.0,0.0,N,Y,,
736,의생명공학전공,박사,BM902,15,Thesis(Ph.D.),이경태,전공,일반과목,연구(Thesis),이론및실습,매년,0.0,0.0,0.0,N,Y,,
737,의생명공학전공,박사,BM902,16,Thesis(Ph.D.),이기준,전공,일반과목,연구(Thesis),이론및실습,매년,0.0,0.0,0.0,N,Y,,
738,의생명공학전공,박사,BM902,17,Thesis(Ph.D.),이병권,전공,일반과목,연구(Thesis),이론및실습,매년,0.0,0.0,0.0,N,Y,,
739,의생명공학전공,박사,BM902,18,Thesis(Ph.D.),이상훈,전공,일반과목,연구(Thesis),이론및실습,매년,0.0,0.0,0.0,N,Y,,
740,의생명공학전공,박사,BM902,19,Thesis(Ph.D.),이성배,전공,일반과목,연구(Thesis),이론및실습,매년,0.0,0.0,0.0,N,Y,,
741,의생명공학전공,박사,BM902,20,Thesis(Ph.D.),이성원,전공,일반과목,연구(Thesis),이론및실습,매년,0.0,0.0,0.0,N,Y,,
742,의생명공학전공,박사,BM902,21,Thesis(Ph.D.),이신범,전공,일반과목,연구(Thesis),이론및실습,매년,0.0,0.0,0.0,N,Y,,
743,의생명공학전공,박사,BM902,22,Thesis(Ph.D.),이영삼,전공,일반과목,연구(Thesis),이론및실습,매년,0.0,0.0,0.0,N,Y,,
744,의생명공학전공,박사,BM902,23,Thesis(Ph.D.),이옥균,전공,일반과목,연구(Thesis),이론및실습,매년,0.0,0.0,0.0,N,Y,,
745,의생명공학전공,박사,BM902,24,Thesis(Ph.D.),이재민,전공,일반과목,연구(Thesis),이론및실습,매년,0.0,0.0,0.0,N,Y,,
746,의생명공학전공,박사,BM902,25,Thesis(Ph.D.),이재홍,전공,일반과목,연구(Thesis),이론및실습,매년,0.0,0.0,0.0,N,Y,,
747,의생명공학전공,박사,BM902,26,Thesis(Ph.D.),이정협,전공,일반과목,연구(Thesis),이론및실습,매년,0.0,0.0,0.0,N,Y,,
748,의생명공학전공,박사,BM902,27,Thesis(Ph.D.),이종찬,전공,일반과목,연구(Thesis),이론및실습,매년,0.0,0.0,0.0,N,Y,,
749,의생명공학전공,박사,BM902,28,Thesis(Ph.D.),이창훈,전공,일반과목,연구(Thesis),이론및실습,매년,0.0,0.0,0.0,N,Y,,
750,의생명공학전공,박사,BM902,29,Thesis(Ph.D.),장경인,전공,일반과목,연구(Thesis),이론및실습,매년,0.0,0.0,0.0,N,Y,,
751,의생명공학전공,박사,BM902,30,Thesis(Ph.D.),장진호,전공,일반과목,연구(Thesis),이론및실습,매년,0.0,0.0,0.0,N,Y,,
752,의생명공학전공,박사,BM902,31,Thesis(Ph.D.),정영태,전공,일반과목,연구(Thesis),이론및실습,매년,0.0,0.0,0.0,N,Y,,
753,의생명공학전공,박사,BM902,32,Thesis(Ph.D.),정찬,전공,일반과목,연구(Thesis),이론및실습,매년,0.0,0.0,0.0,N,Y,,
754,의생명공학전공,박사,BM902,33,Thesis(Ph.D.),최지웅,전공,일반과목,연구(Thesis),이론및실습,매년,0.0,0.0,0.0,N,Y,,
755,의생명공학전공,박사,BM902,34,Thesis(Ph.D.),현정호,전공,일반과목,연구(Thesis),이론및실습,매년,0.0,0.0,0.0,N,Y,,
756,의생명공학전공,박사,BM902,35,Thesis(Ph.D.),황재윤,전공,일반과목,연구(Thesis),이론및실습,매년,0.0,0.0,0.0,N,Y,,
757,의생명공학전공,석사,BM903,01,Internship(M.S.),구재형,전공,일반과목,연구(Internship),실습,매년,1.0,0.0,1.0,N,Y,,
758,의생명공학전공,석사,BM903,02,Internship(M.S.),김가인,전공,일반과목,연구(Internship),실습,매년,1.0,0.0,1.0,N,Y,,
759,의생명공학전공,석사,BM903,03,Internship(M.S.),김소희,전공,일반과목,연구(Internship),실습,매년,1.0,0.0,1.0,N,Y,,
760,의생명공학전공,석사,BM903,04,Internship(M.S.),김태완,전공,일반과목,연구(Internship),실습,매년,1.0,0.0,1.0,N,Y,,
761,의생명공학전공,석사,BM903,05,Internship(M.S.),김회준,전공,일반과목,연구(Internship),실습,매년,1.0,0.0,1.0,N,Y,,
762,의생명공학전공,석사,BM903,06,Internship(M.S.),남창훈,전공,일반과목,연구(Internship),실습,매년,1.0,0.0,1.0,N,Y,,
763,의생명공학전공,석사,BM903,07,Internship(M.S.),박경서,전공,일반과목,연구(Internship),실습,매년,1.0,0.0,1.0,N,Y,,
764,의생명공학전공,석사,BM903,08,Internship(M.S.),박석호,전공,일반과목,연구(Internship),실습,매년,1.0,0.0,1.0,N,Y,,
765,의생명공학전공,석사,BM903,09,Internship(M.S.),서병창,전공,일반과목,연구(Internship),실습,매년,1.0,0.0,1.0,N,Y,,
766,의생명공학전공,석사,BM903,10,Internship(M.S.),송민영,전공,일반과목,연구(Internship),실습,매년,1.0,0.0,1.0,N,Y,,
767,의생명공학전공,석사,BM903,11,Internship(M.S.),송철,전공,일반과목,연구(Internship),실습,매년,1.0,0.0,1.0,N,Y,,
768,의생명공학전공,석사,BM903,12,Internship(M.S.),오용석,전공,일반과목,연구(Internship),실습,매년,1.0,0.0,1.0,N,Y,,
769,의생명공학전공,석사,BM903,13,Internship(M.S.),유재석,전공,일반과목,연구(Internship),실습,매년,1.0,0.0,1.0,N,Y,,
770,의생명공학전공,석사,BM903,14,Internship(M.S.),윤동원,전공,일반과목,연구(Internship),실습,매년,1.0,0.0,1.0,N,Y,,
771,의생명공학전공,석사,BM903,15,Internship(M.S.),이경태,전공,일반과목,연구(Internship),실습,매년,1.0,0.0,1.0,N,Y,,
772,의생명공학전공,석사,BM903,16,Internship(M.S.),이기준,전공,일반과목,연구(Internship),실습,매년,1.0,0.0,1.0,N,Y,,
773,의생명공학전공,석사,BM903,17,Internship(M.S.),이병권,전공,일반과목,연구(Internship),실습,매년,1.0,0.0,1.0,N,Y,,
774,의생명공학전공,석사,BM903,18,Internship(M.S.),이상훈,전공,일반과목,연구(Internship),실습,매년,1.0,0.0,1.0,N,Y,,
775,의생명공학전공,석사,BM903,19,Internship(M.S.),이성배,전공,일반과목,연구(Internship),실습,매년,1.0,0.0,1.0,N,Y,,
776,의생명공학전공,석사,BM903,20,Internship(M.S.),이성원,전공,일반과목,연구(Internship),실습,매년,1.0,0.0,1.0,N,Y,,
777,의생명공학전공,석사,BM903,21,Internship(M.S.),이신범,전공,일반과목,연구(Internship),실습,매년,1.0,0.0,1.0,N,Y,,
778,의생명공학전공,석사,BM903,22,Internship(M.S.),이영삼,전공,일반과목,연구(Internship),실습,매년,1.0,0.0,1.0,N,Y,,
779,의생명공학전공,석사,BM903,23,Internship(M.S.),이옥균,전공,일반과목,연구(Internship),실습,매년,1.0,0.0,1.0,N,Y,,
780,의생명공학전공,석사,BM903,24,Internship(M.S.),이재민,전공,일반과목,연구(Internship),실습,매년,1.0,0.0,1.0,N,Y,,
781,의생명공학전공,석사,BM903,25,Internship(M.S.),이재홍,전공,일반과목,연구(Internship),실습,매년,1.0,0.0,1.0,N,Y,,
782,의생명공학전공,석사,BM903,26,Internship(M.S.),이정협,전공,일반과목,연구(Internship),실습,매년,1.0,0.0,1.0,N,Y,,
783,의생명공학전공,석사,BM903,27,Internship(M.S.),이종찬,전공,일반과목,연구(Internship),실습,매년,1.0,0.0,1.0,N,Y,,
784,의생명공학전공,석사,BM903,28,Internship(M.S.),이창훈,전공,일반과목,연구(Internship),실습,매년,1.0,0.0,1.0,N,Y,,
785,의생명공학전공,석사,BM903,29,Internship(M.S.),장경인,전공,일반과목,연구(Internship),실습,매년,1.0,0.0,1.0,N,Y,,
786,의생명공학전공,석사,BM903,30,Internship(M.S.),장진호,전공,일반과목,연구(Internship),실습,매년,1.0,0.0,1.0,N,Y,,
787,의생명공학전공,석사,BM903,31,Internship(M.S.),정영태,전공,일반과목,연구(Internship),실습,매년,1.0,0.0,1.0,N,Y,,
788,의생명공학전공,석사,BM903,32,Internship(M.S.),정찬,전공,일반과목,연구(Internship),실습,매년,1.0,0.0,1.0,N,Y,,
789,의생명공학전공,석사,BM903,33,Internship(M.S.),최지웅,전공,일반과목,연구(Internship),실습,매년,1.0,0.0,1.0,N,Y,,
790,의생명공학전공,석사,BM903,34,Internship(M.S.),현정호,전공,일반과목,연구(Internship),실습,매년,1.0,0.0,1.0,N,Y,,
791,의생명공학전공,석사,BM903,35,Internship(M.S.),황재윤,전공,일반과목,연구(Internship),실습,매년,1.0,0.0,1.0,N,Y,,
792,의생명공학전공,박사,BM904,01,Internship(Ph.D.),구재형,전공,일반과목,연구(Internship),실습,매년,1.0,0.0,1.0,N,Y,,
793,의생명공학전공,박사,BM904,02,Internship(Ph.D.),김가인,전공,일반과목,연구(Internship),실습,매년,1.0,0.0,1.0,N,Y,,
794,의생명공학전공,박사,BM904,03,Internship(Ph.D.),김소희,전공,일반과목,연구(Internship),실습,매년,1.0,0.0,1.0,N,Y,,
795,의생명공학전공,박사,BM904,04,Internship(Ph.D.),김태완,전공,일반과목,연구(Internship),실습,매년,1.0,0.0,1.0,N,Y,,
796,의생명공학전공,박사,BM904,05,Internship(Ph.D.),김회준,전공,일반과목,연구(Internship),실습,매년,1.0,0.0,1.0,N,Y,,
797,의생명공학전공,박사,BM904,06,Internship(Ph.D.),남창훈,전공,일반과목,연구(Internship),실습,매년,1.0,0.0,1.0,N,Y,,
798,의생명공학전공,박사,BM904,07,Internship(Ph.D.),박경서,전공,일반과목,연구(Internship),실습,매년,1.0,0.0,1.0,N,Y,,
799,의생명공학전공,박사,BM904,08,Internship(Ph.D.),박석호,전공,일반과목,연구(Internship),실습,매년,1.0,0.0,1.0,N,Y,,
800,의생명공학전공,박사,BM904,09,Internship(Ph.D.),서병창,전공,일반과목,연구(Internship),실습,매년,1.0,0.0,1.0,N,Y,,
801,의생명공학전공,박사,BM904,10,Internship(Ph.D.),송민영,전공,일반과목,연구(Internship),실습,매년,1.0,0.0,1.0,N,Y,,
802,의생명공학전공,박사,BM904,11,Internship(Ph.D.),송철,전공,일반과목,연구(Internship),실습,매년,1.0,0.0,1.0,N,Y,,
803,의생명공학전공,박사,BM904,12,Internship(Ph.D.),오용석,전공,일반과목,연구(Internship),실습,매년,1.0,0.0,1.0,N,Y,,
804,의생명공학전공,박사,BM904,13,Internship(Ph.D.),유재석,전공,일반과목,연구(Internship),실습,매년,1.0,0.0,1.0,N,Y,,
805,의생명공학전공,박사,BM904,14,Internship(Ph.D.),윤동원,전공,일반과목,연구(Internship),실습,매년,1.0,0.0,1.0,N,Y,,
806,의생명공학전공,박사,BM904,15,Internship(Ph.D.),이경태,전공,일반과목,연구(Internship),실습,매년,1.0,0.0,1.0,N,Y,,
807,의생명공학전공,박사,BM904,16,Internship(Ph.D.),이기준,전공,일반과목,연구(Internship),실습,매년,1.0,0.0,1.0,N,Y,,
808,의생명공학전공,박사,BM904,17,Internship(Ph.D.),이병권,전공,일반과목,연구(Internship),실습,매년,1.0,0.0,1.0,N,Y,,
809,의생명공학전공,박사,BM904,18,Internship(Ph.D.),이상훈,전공,일반과목,연구(Internship),실습,매년,1.0,0.0,1.0,N,Y,,
810,의생명공학전공,박사,BM904,19,Internship(Ph.D.),이성배,전공,일반과목,연구(Internship),실습,매년,1.0,0.0,1.0,N,Y,,
811,의생명공학전공,박사,BM904,20,Internship(Ph.D.),이성원,전공,일반과목,연구(Internship),실습,매년,1.0,0.0,1.0,N,Y,,
812,의생명공학전공,박사,BM904,21,Internship(Ph.D.),이신범,전공,일반과목,연구(Internship),실습,매년,1.0,0.0,1.0,N,Y,,
813,의생명공학전공,박사,BM904,22,Internship(Ph.D.),이영삼,전공,일반과목,연구(Internship),실습,매년,1.0,0.0,1.0,N,Y,,
814,의생명공학전공,박사,BM904,23,Internship(Ph.D.),이옥균,전공,일반과목,연구(Internship),실습,매년,1.0,0.0,1.0,N,Y,,
815,의생명공학전공,박사,BM904,24,Internship(Ph.D.),이재민,전공,일반과목,연구(Internship),실습,매년,1.0,0.0,1.0,N,Y,,
816,의생명공학전공,박사,BM904,25,Internship(Ph.D.),이재홍,전공,일반과목,연구(Internship),실습,매년,1.0,0.0,1.0,N,Y,,
817,의생명공학전공,박사,BM904,26,Internship(Ph.D.),이정협,전공,일반과목,연구(Internship),실습,매년,1.0,0.0,1.0,N,Y,,
818,의생명공학전공,박사,BM904,27,Internship(Ph.D.),이종찬,전공,일반과목,연구(Internship),실습,매년,1.0,0.0,1.0,N,Y,,
819,의생명공학전공,박사,BM904,28,Internship(Ph.D.),이창훈,전공,일반과목,연구(Internship),실습,매년,1.0,0.0,1.0,N,Y,,
820,의생명공학전공,박사,BM904,29,Internship(Ph.D.),장경인,전공,일반과목,연구(Internship),실습,매년,1.0,0.0,1.0,N,Y,,
821,의생명공학전공,박사,BM904,30,Internship(Ph.D.),장진호,전공,일반과목,연구(Internship),실습,매년,1.0,0.0,1.0,N,Y,,
822,의생명공학전공,박사,BM904,31,Internship(Ph.D.),정영태,전공,일반과목,연구(Internship),실습,매년,1.0,0.0,1.0,N,Y,,
823,의생명공학전공,박사,BM904,32,Internship(Ph.D.),정찬,전공,일반과목,연구(Internship),실습,매년,1.0,0.0,1.0,N,Y,,
824,의생명공학전공,박사,BM904,33,Internship(Ph.D.),최지웅,전공,일반과목,연구(Internship),실습,매년,1.0,0.0,1.0,N,Y,,
825,의생명공학전공,박사,BM904,34,Internship(Ph.D.),현정호,전공,일반과목,연구(Internship),실습,매년,1.0,0.0,1.0,N,Y,,
826,의생명공학전공,박사,BM904,35,Internship(Ph.D.),황재윤,전공,일반과목,연구(Internship),실습,매년,1.0,0.0,1.0,N,Y,,
827,의생명공학전공,석사,BM905,01,Seminar(M.S.),황재윤,전공,일반과목,연구(Seminar),실습,매년,1.0,0.0,1.0,N,Y,수12:00-13:00(E3 - 112),
828,의생명공학전공,박사,BM906,01,Seminar(Ph.D.),황재윤,전공,일반과목,연구(Seminar),실습,매년,1.0,0.0,1.0,N,Y,수12:30-13:30(E3 - 112),
829,양자정보과학전공,전체,QI610c,01,양자컴퓨팅,김아람,전공,코어과목,교과,이론,매년,3.0,3.0,0.0,N,Y,"월10:30-12:00(E7 - 229), 수10:30-12:00(E7 - 229)",
830,양자정보과학전공,석사,QI930,01,양자정보과학 세미나 (석사),박기성,전공,일반과목,연구(Seminar),이론,매년,1.0,1.0,0.0,N,Y,목16:30-17:30(E2 - 115),
831,양자정보과학전공,박사,QI935,01,양자정보과학 세미나 (박사),박기성,전공,일반과목,연구(Seminar),이론,매년,1.0,1.0,0.0,N,Y,목17:00-18:00(E2 - 115),
832,양자정보과학전공,석사,QI940,01,인턴쉽 (석사),이재동,전공,일반과목,연구(Internship),실습,매년,1.0,0.0,1.0,N,Y,,
833,양자정보과학전공,석사,QI940,03,인턴쉽 (석사),서정필,전공,일반과목,연구(Internship),실습,매년,1.0,0.0,1.0,N,Y,,
834,양자정보과학전공,석사,QI940,04,인턴쉽 (석사),박기성,전공,일반과목,연구(Internship),실습,매년,1.0,0.0,1.0,N,Y,,
835,양자정보과학전공,석사,QI940,05,인턴쉽 (석사),김영욱,전공,일반과목,연구(Internship),실습,매년,1.0,0.0,1.0,N,Y,,
836,양자정보과학전공,석사,QI940,06,인턴쉽 (석사),김아람,전공,일반과목,연구(Internship),실습,매년,1.0,0.0,1.0,N,Y,,
837,양자정보과학전공,석사,QI940,07,인턴쉽 (석사),김소연,전공,일반과목,연구(Internship),실습,매년,1.0,0.0,1.0,N,Y,,
838,양자정보과학전공,석사,QI940,08,인턴쉽 (석사),이기준,전공,일반과목,연구(Internship),실습,매년,1.0,0.0,1.0,N,Y,,
839,양자정보과학전공,석사,QI940,09,인턴쉽 (석사),김영식,전공,일반과목,연구(Internship),실습,매년,1.0,0.0,1.0,N,Y,,
840,양자정보과학전공,석사,QI940,10,인턴쉽 (석사),한상윤,전공,일반과목,연구(Internship),실습,매년,1.0,0.0,1.0,N,Y,,
841,양자정보과학전공,석사,QI940,11,인턴쉽 (석사),이종찬,전공,일반과목,연구(Internship),실습,매년,1.0,0.0,1.0,N,Y,,
842,양자정보과학전공,박사,QI945,01,인턴쉽 (박사),이재동,전공,일반과목,연구(Internship),실습,매년,1.0,0.0,1.0,N,Y,,
843,양자정보과학전공,박사,QI945,03,인턴쉽 (박사),서정필,전공,일반과목,연구(Internship),실습,매년,1.0,0.0,1.0,N,Y,,
844,양자정보과학전공,박사,QI945,04,인턴쉽 (박사),박기성,전공,일반과목,연구(Internship),실습,매년,1.0,0.0,1.0,N,Y,,
845,양자정보과학전공,박사,QI945,05,인턴쉽 (박사),김영욱,전공,일반과목,연구(Internship),실습,매년,1.0,0.0,1.0,N,Y,,
846,양자정보과학전공,박사,QI945,06,인턴쉽 (박사),김아람,전공,일반과목,연구(Internship),실습,매년,1.0,0.0,1.0,N,Y,,
847,양자정보과학전공,박사,QI945,07,인턴쉽 (박사),김소연,전공,일반과목,연구(Internship),실습,매년,1.0,0.0,1.0,N,Y,,
848,양자정보과학전공,박사,QI945,08,인턴쉽 (박사),이기준,전공,일반과목,연구(Internship),실습,매년,1.0,0.0,1.0,N,Y,,
849,양자정보과학전공,박사,QI945,09,인턴쉽 (박사),김영식,전공,일반과목,연구(Internship),실습,매년,1.0,0.0,1.0,N,Y,,
850,양자정보과학전공,박사,QI945,10,인턴쉽 (박사),한상윤,전공,일반과목,연구(Internship),실습,매년,1.0,0.0,1.0,N,Y,,
851,양자정보과학전공,박사,QI945,11,인턴쉽 (박사),이종찬,전공,일반과목,연구(Internship),실습,매년,1.0,0.0,1.0,N,Y,,
852,양자정보과학전공,석사,QI950,01,학위논문연구 (석사),이재동,전공,일반과목,연구(Thesis),이론,매년,0.0,0.0,0.0,N,Y,,
853,양자정보과학전공,석사,QI950,03,학위논문연구 (석사),서정필,전공,일반과목,연구(Thesis),이론,매년,0.0,0.0,0.0,N,Y,,
854,양자정보과학전공,석사,QI950,04,학위논문연구 (석사),박기성,전공,일반과목,연구(Thesis),이론,매년,0.0,0.0,0.0,N,Y,,
855,양자정보과학전공,석사,QI950,05,학위논문연구 (석사),김영욱,전공,일반과목,연구(Thesis),이론,매년,0.0,0.0,0.0,N,Y,,
856,양자정보과학전공,석사,QI950,06,학위논문연구 (석사),김아람,전공,일반과목,연구(Thesis),이론,매년,0.0,0.0,0.0,N,Y,,
857,양자정보과학전공,석사,QI950,07,학위논문연구 (석사),김소연,전공,일반과목,연구(Thesis),이론,매년,0.0,0.0,0.0,N,Y,,
858,양자정보과학전공,석사,QI950,08,학위논문연구 (석사),이기준,전공,일반과목,연구(Thesis),이론,매년,0.0,0.0,0.0,N,Y,,
859,양자정보과학전공,석사,QI950,09,학위논문연구 (석사),김영식,전공,일반과목,연구(Thesis),이론,매년,0.0,0.0,0.0,N,Y,,
860,양자정보과학전공,석사,QI950,10,학위논문연구 (석사),한상윤,전공,일반과목,연구(Thesis),이론,매년,0.0,0.0,0.0,N,Y,,
861,양자정보과학전공,석사,QI950,11,학위논문연구 (석사),이종찬,전공,일반과목,연구(Thesis),이론,매년,0.0,0.0,0.0,N,Y,,
862,양자정보과학전공,박사,QI955,01,학위논문연구 (박사),이재동,전공,일반과목,연구(Thesis),이론,매년,0.0,0.0,0.0,N,Y,,
863,양자정보과학전공,박사,QI955,03,학위논문연구 (박사),서정필,전공,일반과목,연구(Thesis),이론,매년,0.0,0.0,0.0,N,Y,,
864,양자정보과학전공,박사,QI955,04,학위논문연구 (박사),박기성,전공,일반과목,연구(Thesis),이론,매년,0.0,0.0,0.0,N,Y,,
865,양자정보과학전공,박사,QI955,05,학위논문연구 (박사),김영욱,전공,일반과목,연구(Thesis),이론,매년,0.0,0.0,0.0,N,Y,,
866,양자정보과학전공,박사,QI955,06,학위논문연구 (박사),김아람,전공,일반과목,연구(Thesis),이론,매년,0.0,0.0,0.0,N,Y,,
867,양자정보과학전공,박사,QI955,07,학위논문연구 (박사),김소연,전공,일반과목,연구(Thesis),이론,매년,0.0,0.0,0.0,N,Y,,
868,양자정보과학전공,박사,QI955,08,학위논문연구 (박사),이기준,전공,일반과목,연구(Thesis),이론,매년,0.0,0.0,0.0,N,Y,,
869,양자정보과학전공,박사,QI955,09,학위논문연구 (박사),김영식,전공,일반과목,연구(Thesis),이론,매년,0.0,0.0,0.0,N,Y,,
870,양자정보과학전공,박사,QI955,10,학위논문연구 (박사),한상윤,전공,일반과목,연구(Thesis),이론,매년,0.0,0.0,0.0,N,Y,,
871,양자정보과학전공,박사,QI955,11,학위논문연구 (박사),이종찬,전공,일반과목,연구(Thesis),이론,매년,0.0,0.0,0.0,N,Y,,